dataset_id,doi,source_field
ds000117,10.18112/openneuro.ds000117.v1.1.0,DatasetDOI
ds000117,pmid:25977808,HowToAcknowledge
ds000117,pmid:25977808,ReferencesAndLinks
ds000246,10.18112/openneuro.ds000246.v1.0.1,DatasetDOI
ds000246,10.3389/fnins.2019.00076,ReferencesAndLinks
ds000247,10.18112/openneuro.ds000247.v1.0.2,DatasetDOI
ds000247,10.1016/j.neuroimage.2015.04.028,HowToAcknowledge
ds000247,10.1016/j.neuroimage.2015.04.028,ReferencesAndLinks
ds000248,10.18112/openneuro.ds000248.v1.2.4,DatasetDOI
ds000248,10.1016/j.neuroimage.2014.02.017,ReferencesAndLinks
ds000248,10.3389/fnins.2013.00267,ReferencesAndLinks
ds001784,10.18112/openneuro.ds001784.v1.1.2,DatasetDOI
ds001784,10.1038/s41467-019-09557-4,ReferencesAndLinks
ds001784,10.1016/j.biopsych.2015.10.029,ReferencesAndLinks
ds001785,10.18112/openneuro.ds001785.v1.1.1,DatasetDOI
ds001787,10.18112/openneuro.ds001787.v1.1.1,DatasetDOI
ds001787,pmid:27815577,ReferencesAndLinks
ds001810,10.18112/openneuro.ds001810.v1.1.0,DatasetDOI
ds001810,10.1016/j.neuroimage.2016.03.065,ReferencesAndLinks
ds001810,10.1016/j.neuroimage.2018.10.025,ReferencesAndLinks
ds001849,10.18112/openneuro.ds001849.v1.0.2,DatasetDOI
ds001849,10.1371/journal.pone.0216185,HowToAcknowledge
ds001971,10.18112/openneuro.ds001971.v1.1.1,DatasetDOI
ds002001,10.18112/openneuro.ds002001.v1.0.0,DatasetDOI
ds002034,10.18112/openneuro.ds002034.v1.0.3,DatasetDOI
ds002034,10.1007/s10548-019-00725-9,ReferencesAndLinks
ds002158,10.18112/openneuro.ds002158.v1.0.2,DatasetDOI
ds002158,10.1073/pnas.1918335117,HowToAcknowledge
ds002158,10.1073/pnas.1918335117,ReferencesAndLinks
ds002336,10.18112/openneuro.ds002336.v2.0.2,DatasetDOI
ds002336,10.3389/fnhum.2017.00193,ReferencesAndLinks
ds002336,10.1101/862375,ReferencesAndLinks
ds002338,10.18112/openneuro.ds002338.v2.0.1,DatasetDOI
ds002338,10.1101/397729,ReferencesAndLinks
ds002550,10.18112/openneuro.ds002550.v1.0.1,DatasetDOI
ds002578,10.18112/openneuro.ds002578.v1.1.0,DatasetDOI
ds002680,10.18112/openneuro.ds002680.v1.2.0,DatasetDOI
ds002680,pmid:11244543,ReferencesAndLinks
ds002680,pmid:15019707,ReferencesAndLinks
ds002691,10.18112/openneuro.ds002691.v1.1.0,DatasetDOI
ds002712,10.18112/openneuro.ds002712.v1.0.1,DatasetDOI
ds002718,10.18112/openneuro.ds002718.v1.1.0,DatasetDOI
ds002718,10.1038/sdata.2015.1,ReferencesAndLinks
ds002720,10.18112/openneuro.ds002720.v1.0.1,DatasetDOI
ds002721,10.18112/openneuro.ds002721.v1.0.2,DatasetDOI
ds002722,10.18112/openneuro.ds002722.v1.0.1,DatasetDOI
ds002723,10.18112/openneuro.ds002723.v1.1.0,DatasetDOI
ds002724,10.18112/openneuro.ds002724.v1.0.1,DatasetDOI
ds002725,10.18112/openneuro.ds002725.v1.0.0,DatasetDOI
ds002761,10.18112/openneuro.ds002761.v1.1.2,DatasetDOI
ds002761,10.1101/758185,HowToAcknowledge
ds002761,10.1101/758185,ReferencesAndLinks
ds002778,10.18112/openneuro.ds002778.v1.0.5,DatasetDOI
ds002799,10.18112/openneuro.ds002799.v1.0.4,DatasetDOI
ds002814,10.18112/openneuro.ds002814.v1.3.0,DatasetDOI
ds002885,10.18112/openneuro.ds002885.v1.0.1,DatasetDOI
ds002885,10.1016/j.neuroimage.2020.117057,HowToAcknowledge
ds002885,10.1016/j.neuroimage.2020.117057,ReferencesAndLinks
ds002893,10.18112/openneuro.ds002893.v2.0.0,DatasetDOI
ds002893,pmid:18482717,HowToAcknowledge
ds002893,10.1016/j.brainres.2008.02.010,ReferencesAndLinks
ds002908,10.18112/openneuro.ds002908.v1.0.0,DatasetDOI
ds003004,10.18112/openneuro.ds003004.v1.1.1,DatasetDOI
ds003004,10.3389/neuro.09.061.2009,ReferencesAndLinks
ds003004,10.1109/ACII.2013.160,ReferencesAndLinks
ds003004,10.1016/j.neuroimage.2022.118873,ReferencesAndLinks
ds003029,10.18112/openneuro.ds003029.v1.0.5,DatasetDOI
ds003029,10.1101/862797v3,HowToAcknowledge
ds003029,10.1101/862797,HowToAcknowledge
ds003039,10.18112/openneuro.ds003039.v1.0.2,DatasetDOI
ds003039,10.1111/ejn.14965,ReferencesAndLinks
ds003061,10.18112/openneuro.ds003061.v1.1.0,DatasetDOI
ds003061,10.18112/openneuro.ds003061.v1.0.0,HowToAcknowledge
ds003078,10.18112/openneuro.ds003078.v1.0.0,DatasetDOI
ds003082,10.18112/openneuro.ds003082.v1.0.0,DatasetDOI
ds003104,10.18112/openneuro.ds003104.v1.0.1,DatasetDOI
ds003190,10.18112/openneuro.ds003190.v1.0.1,DatasetDOI
ds003194,10.18112/openneuro.ds003194.v1.0.3,DatasetDOI
ds003195,10.18112/openneuro.ds003195.v1.0.3,DatasetDOI
ds003343,10.18112/openneuro.ds003343.v2.0.1,DatasetDOI
ds003352,10.18112/openneuro.ds003352.v1.0.0,DatasetDOI
ds003352,10.21105/joss.01896,ReferencesAndLinks
ds003352,10.1038/s41597-019-0105-7,ReferencesAndLinks
ds003374,10.18112/openneuro.ds003374.v1.1.1,DatasetDOI
ds003374,10.1016/j.neuroimage.2020.116705,HowToAcknowledge
ds003374,10.1016/j.neuroimage.2020.116705,ReferencesAndLinks
