dataset_name,modalities,processed_date
ds000001,"anat,func",2025-09-17T12:07:15.465701
ds000002,"anat,func",2025-09-17T12:07:15.466393
ds000003,"anat,func",2025-09-17T12:07:15.466493
ds000005,"anat,func",2025-09-17T12:07:15.466577
ds000008,"anat,func",2025-09-17T12:07:15.466652
ds000011,"anat,func",2025-09-17T12:07:15.466725
ds000051,"anat,func",2025-09-17T12:07:15.466796
ds000052,"anat,func",2025-09-17T12:07:15.466866
ds000101,"anat,func",2025-09-17T12:07:15.466936
ds000102,"anat,func",2025-09-17T12:07:15.467004
ds000105,"anat,func",2025-09-17T12:07:15.467084
ds000107,"anat,func",2025-09-17T12:07:15.467174
ds000109,"anat,func",2025-09-17T12:07:15.467259
ds000017,"anat,func",2025-09-17T12:07:15.467351
ds000122,"anat,func",2025-09-17T12:07:15.467436
ds001037,anat,2025-09-17T12:07:15.467522
ds001110,"anat,beh,func",2025-09-17T12:07:15.467607
ds001105,"anat,fmap,func",2025-09-17T12:07:15.467703
ds001131,"anat,func",2025-09-17T12:07:15.467788
ds001132,"anat,func",2025-09-17T12:07:15.467873
ds001145,"anat,func",2025-09-17T12:07:15.467961
ds001178,func,2025-09-17T12:07:15.468048
ds001247,"anat,fmap,func",2025-09-17T12:07:15.468132
ds001299,"anat,func",2025-09-17T12:07:15.468216
ds001306,"anat,func",2025-09-17T12:07:15.468289
ds000208,"anat,func",2025-09-17T12:07:15.468343
ds000248,"anat,meg",2025-09-17T12:07:15.468405
ds000138,func,2025-09-17T12:07:15.468471
ds000236,"anat,func",2025-09-17T12:07:15.468531
ds000174,anat,2025-09-17T12:07:15.468591
ds000116,"anat,func",2025-09-17T12:07:15.468653
ds000255,"anat,func",2025-09-17T12:07:15.468718
ds000157,"anat,func",2025-09-17T12:07:15.468777
ds000202,anat,2025-09-17T12:07:15.468846
ds000240,"anat,perf",2025-09-17T12:07:15.468905
ds000231,"anat,func",2025-09-17T12:07:15.468969
ds000235,"anat,func",2025-09-17T12:07:15.469039
ds000219,"anat,func",2025-09-17T12:07:15.469107
ds000200,"anat,func",2025-09-17T12:07:15.469166
ds000218,"anat,func",2025-09-17T12:07:15.469233
ds000234,"anat,func",2025-09-17T12:07:15.469296
ds000144,"anat,func",2025-09-17T12:07:15.469356
ds000120,"anat,func",2025-09-17T12:07:15.469420
ds000168,"anat,func",2025-09-17T12:07:15.469480
ds000205,"anat,func",2025-09-17T12:07:15.469536
ds000237,"anat,func",2025-09-17T12:07:15.469656
ds000245,"anat,func",2025-09-17T12:07:15.469758
ds000164,"anat,func",2025-09-17T12:07:15.469831
ds000222,"anat,beh",2025-09-17T12:07:15.469896
ds000229,"anat,func",2025-09-17T12:07:15.469957
ds000254,"anat,func",2025-09-17T12:07:15.470018
ds000214,"anat,func",2025-09-17T12:07:15.470080
ds000246,"anat,meg",2025-09-17T12:07:15.470138
ds000213,"anat,func",2025-09-17T12:07:15.470195
ds000239,anat,2025-09-17T12:07:15.470251
ds001338,"anat,func",2025-09-17T12:07:15.470308
ds001339,"anat,func",2025-09-17T12:07:15.470368
ds001344,"anat,func",2025-09-17T12:07:15.470424
ds000114,"anat,dwi,func",2025-09-17T12:07:15.470485
ds001357,"anat,func",2025-09-17T12:07:15.470548
ds001365,anat,2025-09-17T12:07:15.470605
ds001378,"anat,dwi",2025-09-17T12:07:15.470667
ds001386,"anat,func",2025-09-17T12:07:15.470731
ds001399,"anat,fmap,func",2025-09-17T12:07:15.470788
ds001420,"anat,pet",2025-09-17T12:07:15.470843
ds001421,"anat,pet",2025-09-17T12:07:15.470909
ds001419,"anat,dwi,func",2025-09-17T12:07:15.470968
ds001450,func,2025-09-17T12:07:15.471024
ds001021,"anat,dwi,func",2025-09-17T12:07:15.471083
ds001454,"anat,beh,fmap,func",2025-09-17T12:07:15.471146
ds000201,"anat,beh,fmap,func",2025-09-17T12:07:15.471201
ds001246,anat,2025-09-17T12:07:15.471254
ds001506,anat,2025-09-17T12:07:15.471309
ds001511,"anat,fmap,func",2025-09-17T12:07:15.471363
ds001510,"anat,fmap,func",2025-09-17T12:07:15.471421
ds001499,"fmap,func,tmp_dcm2bids",2025-09-17T12:07:15.471480
ds001486,"anat,func",2025-09-17T12:07:15.471543
ds000244,"anat,dwi,fmap,func",2025-09-17T12:07:15.471605
ds001517,"anat,func",2025-09-17T12:07:15.471661
ds001525,"anat,func",2025-09-17T12:07:15.471718
ds000117,"beh,meg",2025-09-17T12:07:15.471774
ds001529,func,2025-09-17T12:07:15.471828
ds001545,"anat,fmap,func",2025-09-17T12:07:15.471882
ds001534,"anat,func",2025-09-17T12:07:15.471937
ds001547,"anat,func,stat",2025-09-17T12:07:15.471991
ds001553,"anat,func",2025-09-17T12:07:15.472044
ds001555,"anat,func",2025-09-17T12:07:15.472098
ds001551,"anat,func",2025-09-17T12:07:15.472154
ds001566,"anat,func",2025-09-17T12:07:15.472208
ds001576,"anat,func",2025-09-17T12:07:15.472262
ds001583,"anat,func",2025-09-17T12:07:15.472319
ds001591,"anat,func",2025-09-17T12:07:15.472372
ds000228,"anat,func",2025-09-17T12:07:15.472425
ds001595,"anat,dwi,fmap,func",2025-09-17T12:07:15.472478
ds001597,"fmap,func",2025-09-17T12:07:15.472531
ds001541,"anat,func",2025-09-17T12:07:15.472583
ds001600,"anat,fmap,func",2025-09-17T12:07:15.472647
ds001461,func,2025-09-17T12:07:15.472731
ds001497,"anat,func",2025-09-17T12:07:15.472817
ds001607,"anat,func",2025-09-17T12:07:15.472903
ds000233,"anat,func",2025-09-17T12:07:15.472987
ds000241,"anat,func",2025-09-17T12:07:15.473071
ds001612,"anat,func",2025-09-17T12:07:15.473156
ds001614,"anat,func",2025-09-17T12:07:15.473234
ds001618,func,2025-09-17T12:07:15.473287
ds001621,"anat,func",2025-09-17T12:07:15.473341
ds001439,"anat,func",2025-09-17T12:07:15.473402
ds001354,"anat,func",2025-09-17T12:07:15.473459
ds001635,"anat,func",2025-09-17T12:07:15.473520
ds001634,"anat,func",2025-09-17T12:07:15.473581
ds001168,"anat,fmap,func",2025-09-17T12:07:15.473635
ds001652,"anat,func",2025-09-17T12:07:15.473689
ds001720,func,2025-09-17T12:07:15.473750
ds001722,"anat,func",2025-09-17T12:07:15.473828
ds001728,"anat,func",2025-09-17T12:07:15.473903
ds001740,"anat,fmap,func",2025-09-17T12:07:15.473979
ds001745,"anat,func",2025-09-17T12:07:15.474056
ds001743,"anat,dwi",2025-09-17T12:07:15.474122
ds001748,"anat,func",2025-09-17T12:07:15.474191
ds001705,"anat,pet",2025-09-17T12:07:15.474258
ds000220,"anat,func",2025-09-17T12:07:15.474330
ds001762,"anat,func",2025-09-17T12:07:15.474407
ds001715,"anat,func",2025-09-17T12:07:15.474474
ds001761,"anat,func",2025-09-17T12:07:15.474544
ds001232,"anat,beh,func",2025-09-17T12:07:15.474618
ds001554,"anat,func",2025-09-17T12:07:15.474685
ds001521,"anat,func",2025-09-17T12:07:15.474751
ds001771,"anat,dwi,fmap,func",2025-09-17T12:07:15.474815
ds001775,"anat,func",2025-09-17T12:07:15.474882
ds000212,"anat,func",2025-09-17T12:07:15.474951
ds001590,"anat,dwi,fmap,func",2025-09-17T12:07:15.475018
ds001229,"anat,func",2025-09-17T12:07:15.475094
ds001868,"anat,ieeg",2025-09-17T12:07:15.475169
ds001875,"anat,dwi,func",2025-09-17T12:07:15.475244
ds000224,"fmap,func",2025-09-17T12:07:15.475318
ds000172,"anat,fmap,func",2025-09-17T12:07:15.475393
ds001890,"anat,func",2025-09-17T12:07:15.475467
ds001769,func,2025-09-17T12:07:15.475547
ds001907,"anat,dwi,func",2025-09-17T12:07:15.475624
ds001734,"anat,fmap,func",2025-09-17T12:07:15.475702
ds001919,"anat,dwi",2025-09-17T12:07:15.475775
ds001921,"anat,func",2025-09-17T12:07:15.475924
ds001923,"anat,func",2025-09-17T12:07:15.476059
ds000148,"anat,func",2025-09-17T12:07:15.476183
ds001912,"anat,func",2025-09-17T12:07:15.476279
ds001927,"anat,func",2025-09-17T12:07:15.476362
ds001894,"anat,dwi,func",2025-09-17T12:07:15.476446
ds001926,"anat,fmap,func",2025-09-17T12:07:15.476511
ds001019,"anat,func",2025-09-17T12:07:15.476576
ds001945,anat,2025-09-17T12:07:15.476635
ds001810,eeg,2025-09-17T12:07:15.476725
ds001882,"anat,func",2025-09-17T12:07:15.476795
ds001883,"anat,func",2025-09-17T12:07:15.476864
ds000158,"anat,func",2025-09-17T12:07:15.476929
ds001242,"anat,dwi,func",2025-09-17T12:07:15.476993
ds001966,"anat,fmap,func",2025-09-17T12:07:15.477064
ds001971,eeg,2025-09-17T12:07:15.477143
ds001978,"anat,fmap,func",2025-09-17T12:07:15.477302
ds001972,anat,2025-09-17T12:07:15.477402
ds001984,"anat,fmap,func",2025-09-17T12:07:15.477485
ds002000,"anat,func",2025-09-17T12:07:15.477559
ds002001,"anat,meg",2025-09-17T12:07:15.477630
ds002006,"anat,func",2025-09-17T12:07:15.477702
ds001408,"anat,func",2025-09-17T12:07:15.477771
ds002011,"anat,func",2025-09-17T12:07:15.477907
ds002016,anat,2025-09-17T12:07:15.478016
ds001818,"anat,func",2025-09-17T12:07:15.478093
ds002033,"anat,func",2025-09-17T12:07:15.478166
ds002040,anat,2025-09-17T12:07:15.478231
ds001840,"anat,eyetrack,func",2025-09-17T12:07:15.478294
ds001608,"anat,func",2025-09-17T12:07:15.478352
ds001653,"anat,func",2025-09-17T12:07:15.478416
ds001784,"anat,beh,eeg",2025-09-17T12:07:15.478470
ds002013,"anat,func",2025-09-17T12:07:15.478526
ds002080,"anat,dwi,func",2025-09-17T12:07:15.478580
ds002041,"anat,func,pet",2025-09-17T12:07:15.478635
ds002087,dwi,2025-09-17T12:07:15.478693
ds002094,eeg,2025-09-17T12:07:15.478748
ds001946,"anat,fmap,func",2025-09-17T12:07:15.478805
ds001849,eeg,2025-09-17T12:07:15.478863
ds002034,eeg,2025-09-17T12:07:15.478926
ds001725,"anat,func",2025-09-17T12:07:15.479003
ds002154,func,2025-09-17T12:07:15.479078
ds002076,"anat,func",2025-09-17T12:07:15.479153
ds002156,"anat,fmap,func",2025-09-17T12:07:15.479229
ds002155,"anat,func",2025-09-17T12:07:15.479311
ds002153,"anat,func",2025-09-17T12:07:15.479414
ds002149,"anat,func",2025-09-17T12:07:15.479491
ds002179,anat,2025-09-17T12:07:15.479564
ds001981,"anat,func",2025-09-17T12:07:15.479633
ds001482,"anat,func",2025-09-17T12:07:15.479716
ds002207,anat,2025-09-17T12:07:15.479786
ds001563,anat,2025-09-17T12:07:15.479854
ds000216,"anat,func",2025-09-17T12:07:15.479922
ds002218,eeg,2025-09-17T12:07:15.479990
ds002237,"anat,func",2025-09-17T12:07:15.480057
ds001928,"anat,dwi,func",2025-09-17T12:07:15.480123
ds002242,"anat,func",2025-09-17T12:07:15.480190
ds002250,"anat,func",2025-09-17T12:07:15.480258
ds002014,"anat,func",2025-09-17T12:07:15.480324
ds002293,anat,2025-09-17T12:07:15.480377
ds002311,"anat,fmap,func",2025-09-17T12:07:15.480431
ds002307,"anat,func",2025-09-17T12:07:15.480488
ds000210,"anat,func",2025-09-17T12:07:15.480542
ds002316,"anat,fmap,func",2025-09-17T12:07:15.480599
ds002320,"anat,fmap,func",2025-09-17T12:07:15.480662
ds002322,"anat,func",2025-09-17T12:07:15.480726
ds002328,anat,2025-09-17T12:07:15.480785
ds001345,"anat,func",2025-09-17T12:07:15.480857
ds002336,"anat,eeg,func",2025-09-17T12:07:15.480925
ds002338,"anat,eeg,func",2025-09-17T12:07:15.480995
ds002345,"anat,func",2025-09-17T12:07:15.481066
ds000030,"anat,beh,dwi,func",2025-09-17T12:07:15.481134
ds002278,"fmap,func",2025-09-17T12:07:15.481230
ds001787,eeg,2025-09-17T12:07:15.481304
ds000006,"anat,func",2025-09-17T12:07:15.481375
ds000007,"anat,func",2025-09-17T12:07:15.481444
ds000009,"anat,dwi,func",2025-09-17T12:07:15.481512
ds000031,anat,2025-09-17T12:07:15.481580
ds000053,"anat,func",2025-09-17T12:07:15.481648
ds000108,"anat,func",2025-09-17T12:07:15.481717
ds000110,"anat,func",2025-09-17T12:07:15.481789
ds000113,func,2025-09-17T12:07:15.481861
ds000115,"anat,func",2025-09-17T12:07:15.481934
ds000119,"anat,func",2025-09-17T12:07:15.482007
ds000121,"anat,beh,func",2025-09-17T12:07:15.482076
ds000133,"anat,func",2025-09-17T12:07:15.482150
ds000140,"anat,func",2025-09-17T12:07:15.482221
ds000170,"anat,func",2025-09-17T12:07:15.482287
ds000171,"anat,func",2025-09-17T12:07:15.482357
ds000203,"anat,func",2025-09-17T12:07:15.482427
ds000206,"anat,dwi",2025-09-17T12:07:15.482492
ds000217,"anat,beh,fmap,func",2025-09-17T12:07:15.482561
ds000221,"anat,fmap,func",2025-09-17T12:07:15.482626
ds000223,"anat,fmap,func",2025-09-17T12:07:15.482691
ds000238,"anat,beh,func",2025-09-17T12:07:15.482756
ds000243,"anat,func",2025-09-17T12:07:15.482821
ds000247,"anat,meg",2025-09-17T12:07:15.482890
ds000249,"anat,fmap,func",2025-09-17T12:07:15.482987
ds000253,"anat,func",2025-09-17T12:07:15.483058
ds000256,"anat,fmap,func",2025-09-17T12:07:15.483129
ds000258,"anat,func",2025-09-17T12:07:15.483205
ds001107,,2025-09-17T12:07:15.483272
ds001167,"anat,func",2025-09-17T12:07:15.483340
ds001218,"anat,fmap,func",2025-09-17T12:07:15.483406
ds001226,"anat,dwi,func",2025-09-17T12:07:15.483473
ds001228,func,2025-09-17T12:07:15.483545
ds001233,"fmap,func",2025-09-17T12:07:15.483614
ds001235,"anat,func",2025-09-17T12:07:15.483682
ds001241,"anat,func",2025-09-17T12:07:15.483750
ds001293,func,2025-09-17T12:07:15.483817
ds001297,"anat,func",2025-09-17T12:07:15.483892
ds001302,"anat,func",2025-09-17T12:07:15.483960
ds001417,"anat,func",2025-09-17T12:07:15.484028
ds001430,"anat,fmap,func",2025-09-17T12:07:15.484095
ds001491,"anat,func",2025-09-17T12:07:15.484179
ds002165,"anat,func",2025-09-17T12:07:15.484252
ds002181,eeg,2025-09-17T12:07:15.484338
ds002232,"anat,fmap,func",2025-09-17T12:07:15.484409
ds002236,"anat,func",2025-09-17T12:07:15.484501
ds002270,"anat,fmap,func",2025-09-17T12:07:15.484580
ds002274,anat,2025-09-17T12:07:15.484652
ds002355,"anat,func",2025-09-17T12:07:15.484722
ds002358,anat,2025-09-17T12:07:15.484788
ds002330,"anat,dwi,fmap,func",2025-09-17T12:07:15.484857
ds002367,anat,2025-09-17T12:07:15.484933
ds002372,"anat,func",2025-09-17T12:07:15.484988
ds002374,dwi,2025-09-17T12:07:15.485052
ds002366,"anat,dwi,fmap,func",2025-09-17T12:07:15.485116
ds002393,"anat,dwi",2025-09-17T12:07:15.485183
ds002380,anat,2025-09-17T12:07:15.485240
ds002363,"anat,func",2025-09-17T12:07:15.485298
ds002422,"anat,fmap,func",2025-09-17T12:07:15.485351
ds001353,"anat,func",2025-09-17T12:07:15.485407
ds002419,"anat,fmap,func",2025-09-17T12:07:15.485459
ds002306,"anat,func",2025-09-17T12:07:15.485516
ds002411,"anat,func",2025-09-17T12:07:15.485568
ds002522,"anat,func",2025-09-17T12:07:15.485621
ds002547,"anat,func",2025-09-17T12:07:15.485679
ds002513,"anat,fmap,func",2025-09-17T12:07:15.485732
ds002543,"anat,dwi,func",2025-09-17T12:07:15.485786
ds002549,"anat,fmap,func",2025-09-17T12:07:15.485840
ds002574,"anat,fmap,func",2025-09-17T12:07:15.485895
ds002551,"anat,func",2025-09-17T12:07:15.485948
ds002578,"anat,eeg",2025-09-17T12:07:15.486001
ds002596,"anat,func",2025-09-17T12:07:15.486053
ds002683,"anat,fmap,func",2025-09-17T12:07:15.486106
ds002685,"anat,dwi,fmap,func",2025-09-17T12:07:15.486170
ds002687,"anat,func",2025-09-17T12:07:15.486228
ds002691,eeg,2025-09-17T12:07:15.486282
ds002680,eeg,2025-09-17T12:07:15.486339
ds002655,"anat,fmap,func",2025-09-17T12:07:15.486401
ds002294,"anat,fmap,func",2025-09-17T12:07:15.486454
ds002702,anat,2025-09-17T12:07:15.486507
ds002711,"anat,func",2025-09-17T12:07:15.486559
ds002715,"anat,func",2025-09-17T12:07:15.486611
ds002712,"anat,beh,derivatives,meg",2025-09-17T12:07:15.486664
ds002717,anat,2025-09-17T12:07:15.486719
ds002718,"anat,eeg",2025-09-17T12:07:15.486775
ds002732,"anat,func",2025-09-17T12:07:15.486829
ds002723,eeg,2025-09-17T12:07:15.486883
ds002720,eeg,2025-09-17T12:07:15.486935
ds002722,eeg,2025-09-17T12:07:15.486988
ds002721,eeg,2025-09-17T12:07:15.487040
ds002724,eeg,2025-09-17T12:07:15.487096
ds002725,"anat,eeg,func",2025-09-17T12:07:15.487155
ds002750,"anat,func",2025-09-17T12:07:15.487214
ds002749,func,2025-09-17T12:07:15.487270
ds002770,"anat,fmap,func",2025-09-17T12:07:15.487325
ds002734,"EEG,anat,func",2025-09-17T12:07:15.487378
ds002727,"anat,fmap,func",2025-09-17T12:07:15.487436
ds002778,"beh,eeg",2025-09-17T12:07:15.487489
ds002773,beh,2025-09-17T12:07:15.487542
ds002614,"anat,func",2025-09-17T12:07:15.487595
ds002609,"anat,calibration,fmap,func",2025-09-17T12:07:15.487648
ds002105,"anat,fmap,func",2025-09-17T12:07:15.487701
ds002776,"anat,fmap,func",2025-09-17T12:07:15.487759
ds002168,"anat,fmap,func",2025-09-17T12:07:15.487819
ds002797,"anat,func",2025-09-17T12:07:15.487871
ds002793,"anat,func",2025-09-17T12:07:15.487923
ds002295,anat,2025-09-17T12:07:15.487975
ds002743,anat,2025-09-17T12:07:15.488027
ds002737,"fmap,func",2025-09-17T12:07:15.488082
ds002733,"anat,func",2025-09-17T12:07:15.488135
ds002739,"EEG,anat,func",2025-09-17T12:07:15.488188
ds002726,anat,2025-09-17T12:07:15.488241
ds002735,"anat,func",2025-09-17T12:07:15.488293
ds002731,"anat,func",2025-09-17T12:07:15.488350
ds002809,"anat,func",2025-09-17T12:07:15.488419
ds002790,"anat,dwi,fmap,func",2025-09-17T12:07:15.488485
ds002785,"anat,dwi,func",2025-09-17T12:07:15.488537
ds002844,"anat,ieeg",2025-09-17T12:07:15.488598
ds002837,"anat,func",2025-09-17T12:07:15.488650
ds002868,anat,2025-09-17T12:07:15.488702
ds002870,anat,2025-09-17T12:07:15.488754
ds002848,"anat,func",2025-09-17T12:07:15.488809
ds002842,"anat,fmap,func",2025-09-17T12:07:15.488865
ds002841,"anat,func",2025-09-17T12:07:15.488919
ds001619,"anat,fmap,func",2025-09-17T12:07:15.488972
ds002873,func,2025-09-17T12:07:15.489025
ds001348,"anat,func",2025-09-17T12:07:15.489089
ds002886,"anat,func",2025-09-17T12:07:15.489150
ds002879,"anat,func",2025-09-17T12:07:15.489206
ds002872,"anat,fmap,func",2025-09-17T12:07:15.489262
ds002766,"fmap,func",2025-09-17T12:07:15.489317
ds002894,"anat,func",2025-09-17T12:07:15.489386
ds002896,"anat,func",2025-09-17T12:07:15.489446
ds002898,"anat,fmap,func,pet",2025-09-17T12:07:15.489501
ds002862,anat,2025-09-17T12:07:15.489554
ds002912,anat,2025-09-17T12:07:15.489606
ds002885,meg,2025-09-17T12:07:15.489668
ds002939,anat,2025-09-17T12:07:15.489732
ds002938,"anat,fmap,func",2025-09-17T12:07:15.489785
ds002940,"anat,func",2025-09-17T12:07:15.489838
ds002941,"anat,func",2025-09-17T12:07:15.489894
ds002982,anat,2025-09-17T12:07:15.489956
ds002893,eeg,2025-09-17T12:07:15.490022
ds002995,"anat,fmap,func",2025-09-17T12:07:15.490086
ds003004,eeg,2025-09-17T12:07:15.490149
ds003005,"anat,func",2025-05-11T17:18:17.870986
ds003007,func,2025-09-17T12:07:15.490214
ds002748,"anat,func",2025-09-17T12:07:15.490285
ds002799,"anat,func,ieeg",2025-09-17T12:07:15.490350
ds003008,"anat,func",2025-05-11T17:18:20.936385
ds001832,anat,2025-09-17T12:07:15.490416
ds003017,"anat,fmap,func",2025-09-17T12:07:15.490482
ds003012,"anat,fmap,func",2025-09-17T12:07:15.490548
ds002351,"anat,func",2025-09-17T12:07:15.490612
ds002994,"anat,fmap,func",2025-09-17T12:07:15.490677
ds002791,eeg,2025-09-17T12:07:15.490742
ds002833,eeg,2025-09-17T12:07:15.490807
ds003023,"anat,fmap,func",2025-09-17T12:07:15.490872
ds002905,"anat,func",2025-09-17T12:07:15.490938
ds002990,"anat,func",2025-09-17T12:07:15.491003
ds001747,"anat,func",2025-09-17T12:07:15.491067
ds003059,"anat,func",2025-09-17T12:07:15.491137
ds003047,"anat,dwi",2025-09-17T12:07:15.491209
ds000149,"anat,func",2025-09-17T12:07:15.491278
ds001415,"anat,fmap,func",2025-09-17T12:07:15.491344
ds003027,"anat,dwi",2025-09-17T12:07:15.491409
ds003076,"anat,func",2025-09-17T12:07:15.491475
ds003028,"anat,func",2025-09-17T12:07:15.491542
ds002936,anat,2025-09-17T12:07:15.491610
ds003037,"anat,fmap,func",2025-09-17T12:07:15.491677
ds003078,"anat,ieeg",2025-09-17T12:07:15.491751
ds003089,"anat,func",2025-09-17T12:07:15.491817
ds003098,anat,2025-09-17T12:07:15.491887
ds003103,"anat,func",2025-09-17T12:07:15.491953
ds003104,"anat,meg",2025-09-17T12:07:15.492021
ds003090,func,2025-09-17T12:07:15.492090
ds003085,"anat,fmap,func",2025-09-17T12:07:15.492157
ds003083,"anat,func",2025-09-17T12:07:15.492220
ds003151,"anat,func,perf",2025-09-17T12:07:15.492292
ds003145,"anat,fmap,func",2025-09-17T12:07:15.492361
ds003126,anat,2025-09-17T12:07:15.492427
ds003114,"anat,func",2025-09-17T12:07:15.492499
ds003148,"anat,func",2025-09-17T12:07:15.492564
ds003146,"anat,func",2025-09-17T12:07:15.492630
ds003136,"anat,fmap,func",2025-09-17T12:07:15.492697
ds002878,"anat,fmap,func",2025-09-17T12:07:15.492766
ds003095,"anat,func",2025-09-17T12:07:15.492832
ds003190,eeg,2025-09-17T12:07:15.492896
ds003216,"anat,func",2025-09-17T12:07:15.492965
ds003171,"anat,dwi,func",2025-09-17T12:07:15.493031
ds003233,"anat,func",2025-09-17T12:07:15.493102
ds003242,".ipynb_checkpoints,anat,fmap,func",2025-09-17T12:07:15.493168
ds003195,eeg,2025-09-17T12:07:15.493236
ds003194,eeg,2025-09-17T12:07:15.493301
ds003325,anat,2025-09-17T12:07:15.493366
ds003170,"anat,fmap,func",2025-09-17T12:07:15.493431
ds003342,"anat,func",2025-09-17T12:07:15.493499
ds003340,"anat,fmap,func",2025-09-17T12:07:15.493566
ds003345,"anat,func",2025-09-17T12:07:15.493635
ds003346,"anat,fmap,func",2025-09-17T12:07:15.493702
ds003338,"anat,func",2025-09-17T12:07:15.493767
ds003367,,2025-09-17T12:07:15.493832
ds003374,ieeg,2025-09-17T12:07:15.493897
ds003343,eeg,2025-09-17T12:07:15.493962
ds003380,eeg,2025-09-17T12:07:15.494027
ds003061,eeg,2025-09-17T12:07:15.494097
ds003082,"anat,meg",2025-09-17T12:07:15.494167
ds001839,"anat,func",2025-09-17T12:07:15.494232
ds001838,"anat,func",2025-09-17T12:07:15.494300
ds001796,"anat,dwi,fmap,func",2025-09-17T12:07:15.494381
ds002169,"anat,fmap,func",2025-09-17T12:07:15.494450
ds001847,"anat,func",2025-09-17T12:07:15.494525
ds002382,"anat,func",2025-09-17T12:07:15.494588
ds002134,"anat,func",2025-09-17T12:07:15.494650
ds003029,ieeg,2025-09-17T12:07:15.494768
ds003097,"anat,dwi,func",2025-09-17T12:07:15.494855
ds002241,"anat,func",2025-09-17T12:07:15.494932
ds003416,"anat,dwi",2025-09-17T12:07:15.495005
ds003417,anat,2025-09-17T12:07:15.495080
ds001751,"anat,fmap,func",2025-09-17T12:07:15.495149
ds001814,"anat,func",2025-09-17T12:07:15.495220
ds002647,"anat,func",2025-09-17T12:07:15.495284
ds002602,"anat,dwi,fmap,func",2025-09-17T12:07:15.495348
ds002672,"anat,func",2025-09-17T12:07:15.495417
ds002634,"anat,beh,dwi,fmap,func",2025-09-17T12:07:15.495487
ds002674,"anat,fmap,func",2025-09-17T12:07:15.495551
ds001780,anat,2025-09-17T12:07:15.495618
ds002608,"anat,func",2025-09-17T12:07:15.495682
ds002158,"anat,eeg,fmap,func",2025-09-17T12:07:15.495746
ds003392,"anat,meg",2025-09-17T12:07:15.495816
ds003420,eeg,2025-09-17T12:07:15.495886
ds003421,eeg,2025-09-17T12:07:15.495949
ds003192,"anat,fmap,func",2025-09-17T12:07:15.496013
ds002116,"anat,func",2025-09-17T12:07:15.496076
ds003424,"anat,dwi,fmap,func",2025-09-17T12:07:15.496138
ds002813,"anat,func",2025-09-17T12:07:15.496201
ds003433,"anat,func",2025-09-17T12:07:15.496263
ds003434,"anat,func",2025-09-17T12:07:15.496325
ds003438,"anat,func",2025-09-17T12:07:15.496388
ds003439,"anat,func",2025-09-17T12:07:15.496454
ds003440,"anat,func",2025-09-17T12:07:15.496516
ds003441,"anat,func",2025-09-17T12:07:15.496578
ds003443,"anat,func",2025-09-17T12:07:15.496644
ds003442,"anat,func",2025-09-17T12:07:15.496706
ds003444,"anat,func",2025-09-17T12:07:15.496770
ds003445,"anat,func",2025-09-17T12:07:15.496834
ds003446,"anat,func",2025-09-17T12:07:15.496904
ds003452,"anat,fmap,func",2025-09-17T12:07:15.496969
ds003430,anat,2025-09-17T12:07:15.497031
ds003454,func,2025-09-17T12:07:15.497091
ds003437,"anat,fmap,func",2025-09-17T12:07:15.497152
ds003455,"fmap,func",2025-09-17T12:07:15.497212
ds003453,"anat,fmap,func",2025-09-17T12:07:15.497278
ds003458,eeg,2025-09-17T12:07:15.497340
ds003459,"anat,func",2025-09-17T12:07:15.497401
ds003463,anat,2025-09-17T12:07:15.497461
ds003464,"anat,func",2025-09-17T12:07:15.497522
ds003470,"anat,func",2025-09-17T12:07:15.497582
ds003478,eeg,2025-09-17T12:07:15.497644
ds003466,"anat,func",2025-09-17T12:07:15.497705
ds003481,"anat,func",2025-09-17T12:07:15.497766
ds003483,meg,2025-09-17T12:07:15.497828
ds003490,eeg,2025-09-17T12:07:15.497892
ds003465,"anat,fmap,func",2025-09-17T12:07:15.497953
ds003495,"anat,dwi,func",2025-09-17T12:07:15.498022
ds002835,"anat,fmap,func",2025-09-17T12:07:15.498086
ds003506,eeg,2025-09-17T12:07:15.498148
ds003474,eeg,2025-09-17T12:07:15.498208
ds003507,"anat,fmap,func",2025-09-17T12:07:15.498268
ds003509,eeg,2025-09-17T12:07:15.498329
ds003516,eeg,2025-09-17T12:07:15.498390
ds003468,"anat,func",2025-09-17T12:07:15.498452
ds003517,eeg,2025-09-17T12:07:15.498517
ds003518,eeg,2025-09-17T12:07:15.498577
ds003469,"anat,fmap,func",2025-09-17T12:07:15.498645
ds003519,eeg,2025-09-17T12:07:15.498714
ds003521,"anat,func",2025-09-17T12:07:15.498775
ds003522,eeg,2025-09-17T12:07:15.498837
ds003523,eeg,2025-09-17T12:07:15.498897
ds003524,"anat,func",2025-09-17T12:07:15.498957
ds003542,"anat,func",2025-09-17T12:07:15.499023
ds003545,"anat,func",2025-09-17T12:07:15.499083
ds003540,"anat,func",2025-09-17T12:07:15.499143
ds003520,"anat,func",2025-09-17T12:07:15.499208
ds003548,"anat,func",2025-09-17T12:07:15.499271
ds003500,"anat,func",2025-09-17T12:07:15.499332
ds001785,eeg,2025-09-17T12:07:15.499393
ds003552,"eeg,motion",2025-09-17T12:07:15.499453
ds003436,"anat,fmap,func",2025-09-17T12:07:15.499514
ds003382,"anat,dixon,fmap,func,pet,ute",2025-09-17T12:07:15.499574
ds003555,eeg,2025-09-17T12:07:15.499636
ds003511,"anat,func",2025-09-17T12:07:15.499700
ds003498,ieeg,2025-09-17T12:07:15.499762
ds003505,"anat,dwi,eeg",2025-09-17T12:07:15.499823
ds003563,anat,2025-09-17T12:07:15.499890
ds003565,eeg,2025-09-17T12:07:15.499951
ds003011,"anat,dwi,func",2025-09-17T12:07:15.500011
ds003568,"anat,meg",2025-09-17T12:07:15.500075
ds003569,"anat,func",2025-09-17T12:07:15.500137
ds003570,eeg,2025-09-17T12:07:15.500201
ds002424,"anat,func",2025-09-17T12:07:15.500269
ds003574,"anat,eeg,func",2025-09-17T12:07:15.500334
ds003590,anat,2025-09-17T12:07:15.500396
ds002814,eeg,2025-09-17T12:07:15.500457
ds000204,anat,2025-09-17T12:07:15.500527
ds002425,"anat,func",2025-09-17T12:07:15.500588
ds000232,"anat,func",2025-09-17T12:07:15.500649
ds002385,"anat,pet",2025-09-17T12:07:15.500711
ds002675,"anat,func",2025-09-17T12:07:15.500778
ds002684,anat,2025-09-17T12:07:15.500840
ds002761,meg,2025-09-17T12:07:15.500903
ds003176,"anat,fmap,func",2025-09-17T12:07:15.500963
ds003352,meg,2025-09-17T12:07:15.501022
ds003357,"anat,func",2025-09-17T12:07:15.501082
ds003381,"anat,func",2025-09-17T12:07:15.501145
ds003396,,2025-09-17T12:07:15.501203
ds003427,"anat,fmap,func",2025-09-17T12:07:15.501261
ds003484,anat,2025-09-17T12:07:15.501318
ds003508,"anat,dwi",2025-09-17T12:07:15.501379
ds002603,"anat,fmap,func",2025-09-17T12:07:15.501435
ds002606,"anat,func",2025-09-17T12:07:15.501492
ds002908,meg,2025-09-17T12:07:15.501549
ds003043,"anat,fmap,func",2025-09-17T12:07:15.501608
ds003096,"anat,func",2025-09-17T12:07:15.501667
ds001371,"anat,fmap,func",2025-09-17T12:07:15.501726
ds001848,"anat,func",2025-09-17T12:07:15.501783
ds001942,"anat,dwi,fmap,func",2025-09-17T12:07:15.501842
ds002144,"anat,func",2025-09-17T12:07:15.501910
ds002185,"anat,dwi,func",2025-09-17T12:07:15.501970
ds002550,"behavdata,hpi,meg",2025-09-17T12:07:15.502037
ds002738,"anat,fmap,func",2025-09-17T12:07:15.502098
ds002741,"anat,func",2025-09-17T12:07:15.502163
ds003052,anat,2025-09-17T12:07:15.502225
ds003599,dwi,2025-09-17T12:07:15.502288
ds003606,"anat,func",2025-09-17T12:07:15.502350
ds003612,"anat,fmap,func",2025-09-17T12:07:15.502415
ds003626,eeg,2025-09-17T12:07:15.502478
ds003094,"anat,func",2025-09-17T12:07:15.502542
ds003620,eeg,2025-09-17T12:07:15.502605
ds003604,"anat,func",2025-09-17T12:07:15.502668
ds001161,"anat,func",2025-09-17T12:07:15.502735
ds003642,anat,2025-09-17T12:07:15.502801
ds003639,anat,2025-09-17T12:07:15.502863
ds003487,beh,2025-09-17T12:07:15.502924
ds003647,"anat,func",2025-09-17T12:07:15.502989
ds002843,"anat,fmap,func",2025-09-17T12:07:15.503047
ds003633,"anat,meg",2025-09-17T12:07:15.503108
ds003655,eeg,2025-09-17T12:07:15.503167
ds003645,"anat,beh,eeg,meg",2025-09-17T12:07:15.503229
ds003669,"anat,fmap,func",2025-09-17T12:07:15.503290
ds003643,"anat,func",2025-09-17T12:07:15.503352
ds003682,"beh,meg,stim",2025-09-17T12:07:15.503416
ds003419,anat,2025-09-17T12:07:15.503482
ds003690,eeg,2025-09-17T12:07:15.503544
ds003688,ieeg,2025-09-17T12:07:15.503607
ds003702,eeg,2025-09-17T12:07:15.503667
ds003701,"anat,fmap,func",2025-09-17T12:07:15.503732
ds003703,meg,2025-09-17T12:07:15.503791
ds003708,ieeg,2025-09-17T12:07:15.503848
ds003707,"anat,fmap,func",2025-09-17T12:07:15.503912
ds003709,"anat,fmap,func",2025-09-17T12:07:15.503971
ds003714,"anat,fmap,func",2025-09-17T12:07:15.504033
ds003653,"anat,fmap",2025-09-17T12:07:15.504097
ds003711,"anat,func",2025-09-17T12:07:15.504162
ds003670,eeg,2025-09-17T12:07:15.504224
ds003710,eeg,2025-09-17T12:07:15.504289
ds003716,anat,2025-09-17T12:07:15.504354
ds003694,meg,2025-09-17T12:07:15.504429
ds003722,eeg,2025-09-17T12:07:15.504494
ds003553,"anat,func",2025-09-17T12:07:15.504552
ds003554,"anat,func",2025-09-17T12:07:15.504621
ds003550,"anat,func",2025-09-17T12:07:15.504704
ds003739,eeg,2025-09-17T12:07:15.504768
ds003745,"anat,fmap,func",2025-09-17T12:07:15.504836
ds003752,"fmap,func",2025-09-17T12:07:15.504895
ds003661,anat,2025-09-17T12:07:15.504961
ds003646,func,2025-09-17T12:07:15.505019
ds003751,"beh,eeg",2025-09-17T12:07:15.505077
ds003397,"anat,dixon,fmap,func,pet,ute",2025-09-17T12:07:15.505134
ds003764,"anat,func",2025-09-17T12:07:15.505203
ds003720,"anat,func",2025-09-17T12:07:15.505265
ds003763,"anat,func",2025-09-17T12:07:15.505326
ds003721,"anat,func",2025-09-17T12:07:15.505380
ds003768,"anat,eeg,func",2025-09-17T12:07:15.505439
ds003758,"anat,fmap,func",2025-09-17T12:07:15.505495
ds003766,"beh,eeg",2025-09-17T12:07:15.505554
ds003770,"anat,func",2025-09-17T12:07:15.505611
ds003772,"anat,fmap,func",2025-09-17T12:07:15.505667
ds003673,"anat,func",2025-09-17T12:07:15.505725
ds003499,"anat,fmap,func",2025-09-17T12:07:15.505784
ds003774,eeg,2025-09-17T12:07:15.505841
ds003775,eeg,2025-09-17T12:07:15.505895
ds003826,anat,2025-09-17T12:07:15.505948
ds003821,anat,2025-09-17T12:07:15.506002
ds003777,"anat,func",2025-09-17T12:07:15.506065
ds003787,anat,2025-09-17T12:07:15.506122
ds003778,"anat,func",2025-09-17T12:07:15.506182
ds003782,"anat,func",2025-09-17T12:07:15.506240
ds003791,"anat,func",2025-09-17T12:07:15.506298
ds003799,anat,2025-09-17T12:07:15.506355
ds003816,eeg,2025-09-17T12:07:15.506420
ds003812,"fmap,func",2025-09-17T12:07:15.506473
ds003810,eeg,2025-09-17T12:07:15.506531
ds003800,eeg,2025-09-17T12:07:15.506593
ds003830,"anat,func",2025-09-17T12:07:15.506649
ds003844,ieeg,2025-09-17T12:07:15.506706
ds003822,eeg,2025-09-17T12:07:15.506763
ds003825,eeg,2025-09-17T12:07:15.506822
ds003846,"eeg,motion",2025-09-17T12:07:15.506886
ds003805,eeg,2025-09-17T12:07:15.506946
ds003849,"anat,func",2025-09-17T12:07:15.507004
ds003850,func,2025-09-17T12:07:15.507062
ds003858,"anat,func",2025-09-17T12:07:15.507124
ds003838,"beh,ecg,pupil",2025-09-17T12:07:15.507181
ds003425,"anat,func",2025-09-17T12:07:15.507245
ds003974,"anat,dwi,fmap,func",2025-09-17T12:07:15.507302
ds003989,anat,2025-09-17T12:07:15.507359
ds003990,"anat,func",2025-09-17T12:07:15.507418
ds003798,"anat,fmap,func",2025-09-17T12:07:15.507477
ds003592,"anat,func",2025-09-17T12:07:15.507539
ds003949,anat,2025-09-17T12:07:15.507597
ds004000,eeg,2025-09-17T12:07:15.507656
ds004007,"anat,func",2025-09-17T12:07:15.507717
ds004006,"anat,func",2025-09-17T12:07:15.507774
ds003947,eeg,2025-09-17T12:07:15.507833
ds003944,eeg,2025-09-17T12:07:15.507892
ds004009,"anat,fmap,func",2025-09-17T12:07:15.507953
ds004010,eeg,2025-09-17T12:07:15.508013
ds003020,"anat,func",2025-09-17T12:07:15.508075
ds003987,eeg,2025-09-17T12:07:15.508132
ds003967,anat,2025-09-17T12:07:15.508190
ds003972,"anat,fmap,func",2025-09-17T12:07:15.508251
ds003950,"anat,func",2025-09-17T12:07:15.508314
ds003969,eeg,2025-09-17T12:07:15.508372
ds003959,dwi,2025-09-17T12:07:15.508429
ds004011,meg,2025-09-17T12:07:15.508497
ds003988,"anat,dwi,fmap,func",2025-09-17T12:07:15.508562
ds004018,eeg,2025-09-17T12:07:15.508624
ds004019,eeg,2025-09-17T12:07:15.508687
ds004024,eeg,2025-09-17T12:07:15.508745
ds004022,"eeg,fnirs",2025-09-17T12:07:15.508803
ds004038,anat,2025-09-17T12:07:15.508862
ds004040,eeg,2025-09-17T12:07:15.508919
ds004043,eeg,2025-09-17T12:07:15.508983
ds003965,"anat,fmap,func",2025-09-17T12:07:15.509044
ds003831,"anat,func",2025-09-17T12:07:15.509102
ds004044,"anat,fmap,func",2025-09-17T12:07:15.509160
ds004056,"anat,fmap,func",2025-09-17T12:07:15.509217
ds003993,"anat,func",2025-09-17T12:07:15.509275
ds004067,eeg,2025-09-17T12:07:15.509333
ds004021,"anat,func",2025-09-17T12:07:15.509392
ds004075,eeg,2025-09-17T12:07:15.509452
ds004015,eeg,2025-09-17T12:07:15.509514
ds004092,"anat,func",2025-09-17T12:07:15.509576
ds004073,"anat,fmap,func",2025-09-17T12:07:15.509636
ds003401,"anat,func",2025-09-17T12:07:15.509694
ds004091,"fmap,func",2025-09-17T12:07:15.509752
ds003717,"anat,func",2025-09-17T12:07:15.509819
ds004042,"anat,fmap,func",2025-09-17T12:07:15.509876
ds003929,"anat,func",2025-09-17T12:07:15.509940
ds004078,"anat,dwi,func,meg",2025-09-17T12:07:15.509997
ds003696,func,2025-09-17T12:07:15.510054
ds004033,eeg,2025-09-17T12:07:15.510114
ds004101,"anat,func",2025-09-17T12:07:15.510176
ds004102,"anat,fmap,func",2025-09-17T12:07:15.510237
ds004097,"anat,dwi,fmap,func",2025-09-17T12:07:15.510299
ds004107,meg,2025-09-17T12:07:15.510358
ds004109,"anat,fmap,func",2025-09-17T12:07:15.510417
ds004116,"anat,func",2025-09-17T12:07:15.510477
ds004114,"anat,func",2025-09-17T12:07:15.510536
ds003823,beh,2025-09-17T12:07:15.510596
ds004106,eeg,2025-09-17T12:07:15.510658
ds003922,"anat,meg",2025-09-17T12:07:15.510723
ds004121,eeg,2025-09-17T12:07:15.510812
ds004123,eeg,2025-09-17T12:07:15.510891
ds004122,eeg,2025-09-17T12:07:15.510954
ds004120,eeg,2025-09-17T12:07:15.511019
ds004119,eeg,2025-09-17T12:07:15.511081
ds004118,eeg,2025-09-17T12:07:15.511141
ds004105,eeg,2025-09-17T12:07:15.511202
ds004086,"anat,fmap,func",2025-09-17T12:07:15.511262
ds003039,eeg,2025-09-17T12:07:15.511324
ds004094,"anat,beh,fmap,func",2025-09-17T12:07:15.511388
ds003404,"anat,fmap,func",2025-09-17T12:07:15.511454
ds001379,"anat,fmap,func",2025-09-17T12:07:15.511519
ds004128,"anat,func",2025-09-17T12:07:15.511578
ds004103,"anat,func",2025-09-17T12:07:15.511648
ds004134,"anat,func",2025-09-17T12:07:15.511714
ds004141,"anat,func",2025-09-17T12:07:15.511780
ds004146,"anat,dwi,func,perf,swi",2025-09-17T12:07:15.511845
ds004129,phenotype,2025-09-17T12:07:15.511904
ds004144,"anat,func",2025-09-17T12:07:15.511962
ds004147,"beh,eeg",2025-09-17T12:07:15.512024
ds004131,anat,2025-09-17T12:07:15.512086
ds004130,anat,2025-09-17T12:07:15.512145
ds004148,eeg,2025-09-17T12:07:15.512206
ds004142,"anat,func",2025-09-17T12:07:15.512265
ds004152,"beh,eeg",2025-09-17T12:07:15.512325
ds004151,eeg,2025-09-17T12:07:15.512383
ds004158,"anat,fmap,func",2025-09-17T12:07:15.512441
ds004161,"anat,dwi,func",2025-09-17T12:07:15.512501
ds003848,"anat,ieeg",2025-09-17T12:07:15.512562
ds004117,eeg,2025-09-17T12:07:15.512624
ds004166,eeg,2025-09-17T12:07:15.512692
ds004169,"anat,func",2025-09-17T12:07:15.512756
ds004068,"anat,fmap,func",2025-09-17T12:07:15.512817
ds003999,"anat,func",2025-09-17T12:07:15.512873
ds004065,"anat,func",2025-09-17T12:07:15.512932
ds004187,anat,2025-09-17T12:07:15.512989
ds004194,anat,2025-09-17T12:07:15.513047
ds003789,"anat,func",2025-09-17T12:07:15.513107
ds004200,"beh,eeg",2025-09-17T12:07:15.513166
ds004186,eeg,2025-09-17T12:07:15.513225
ds004217,"anat,fmap,func",2025-09-17T12:07:15.513284
ds004219,"anat,func",2025-09-17T12:07:15.513342
ds004226,"anat,fmap,func",2025-09-17T12:07:15.513400
ds003354,"anat,fmap,func",2025-09-17T12:07:15.513459
ds003602,eeg,2025-09-17T12:07:15.513519
ds004228,"anat,func",2025-09-17T12:07:15.513580
ds004229,meg,2025-09-17T12:07:15.513644
ds004230,"anat,pet",2025-09-17T12:07:15.513701
ds003876,ieeg,2025-09-17T12:07:15.513757
ds004215,,2025-09-17T12:07:15.513814
ds004081,"anat,fmap,func",2025-09-17T12:07:15.513872
ds002643,"anat,fmap,func",2025-09-17T12:07:15.513930
ds004252,eeg,2025-09-17T12:07:15.513991
ds004145,anat,2025-09-17T12:07:15.514052
ds004254,anat,2025-09-17T12:07:15.514117
ds004127,ieeg,2025-09-17T12:07:15.514175
ds003836,"anat,func",2025-09-17T12:07:15.514232
ds004259,"anat,fmap,func",2025-09-17T12:07:15.514289
ds004256,"beh,eeg",2025-09-17T12:07:15.514345
ds004262,"beh,eeg",2025-09-17T12:07:15.514404
ds004264,"beh,eeg",2025-09-17T12:07:15.514460
ds004265,"anat,func",2025-09-17T12:07:15.514522
ds002989,"anat,func",2025-09-17T12:07:15.514581
ds004100,ieeg,2025-09-17T12:07:15.514642
ds004278,meg,2025-09-17T12:07:15.514699
ds004280,"anat,func",2025-09-17T12:07:15.514762
ds004283,"anat,fmap,func",2025-09-17T12:07:15.514824
ds004173,anat,2025-09-17T12:07:15.514884
ds004276,"beh,meg",2025-09-17T12:07:15.514941
ds004213,"anat,func",2025-09-17T12:07:15.514999
ds003659,func,2025-09-17T12:07:15.515057
ds004295,eeg,2025-09-17T12:07:15.515117
ds004301,"anat,func",2025-09-17T12:07:15.515177
ds004299,"anat,dwi,fmap,func",2025-09-17T12:07:15.515236
ds003638,eeg,2025-09-17T12:07:15.515294
ds003753,eeg,2025-09-17T12:07:15.515352
ds003801,eeg,2025-09-17T12:07:15.515410
ds003885,eeg,2025-09-17T12:07:15.515469
ds003887,eeg,2025-09-17T12:07:15.515527
ds004315,eeg,2025-09-17T12:07:15.515587
ds004317,eeg,2025-09-17T12:07:15.515647
ds004302,"anat,func",2025-09-17T12:07:15.515706
ds004286,"anat,beh,func",2025-09-17T12:07:15.515764
ds004330,meg,2025-09-17T12:07:15.515821
ds004331,"anat,func",2025-09-17T12:07:15.515879
ds004332,anat,2025-09-17T12:07:15.515937
ds004339,anat,2025-09-17T12:07:15.515993
ds004347,eeg,2025-09-17T12:07:15.516051
ds004346,"anat,meg",2025-09-17T12:07:15.516109
ds004348,eeg,2025-09-17T12:07:15.516172
ds004349,"anat,func",2025-09-17T12:07:15.516231
ds004350,eeg,2025-09-17T12:07:15.516291
ds004359,"anat,fmap,func",2025-09-17T12:07:15.516354
ds004356,eeg,2025-09-17T12:07:15.516413
ds002979,"anat,fmap,func",2025-09-17T12:07:15.516468
ds004367,eeg,2025-09-17T12:07:15.516537
ds004368,eeg,2025-09-17T12:07:15.516594
ds004362,eeg,2025-09-17T12:07:15.516653
ds004192,"anat,fmap,func",2025-09-17T12:07:15.516711
ds004212,meg,2025-09-17T12:07:15.516777
ds004285,"anat,func",2025-09-17T12:07:15.516835
ds004401,"anat,pet",2025-09-17T12:07:15.516895
ds004393,"anat,func",2025-09-17T12:07:15.516951
ds004392,"anat,func",2025-09-17T12:07:15.517009
ds004400,"anat,func",2025-09-17T12:07:15.517078
ds004408,eeg,2025-09-17T12:07:15.517137
ds004398,meg,2025-09-17T12:07:15.517192
ds004440,"anat,func",2025-09-17T12:07:15.517251
ds004306,eeg,2025-09-17T12:07:15.517313
ds004441,"anat,dwi",2025-09-17T12:07:15.517383
ds004444,eeg,2025-09-17T12:07:15.517441
ds004446,eeg,2025-09-17T12:07:15.517499
ds004447,eeg,2025-09-17T12:07:15.517556
ds004448,eeg,2025-09-17T12:07:15.517613
ds004443,"anat,fmap,func",2025-09-17T12:07:15.517676
ds004455,"anat,func",2025-09-17T12:07:15.517736
ds004406,"anat,fmap,func",2025-09-17T12:07:15.517798
ds004456,"anat,fmap,func",2025-09-17T12:07:15.517854
ds004458,func,2025-09-17T12:07:15.517911
ds004460,"eeg,motion",2025-09-17T12:07:15.517968
ds004369,eeg,2025-09-17T12:07:15.518027
ds004466,"anat,fmap,func",2025-09-17T12:07:15.518086
ds004470,anat,2025-09-17T12:07:15.518145
ds004471,anat,2025-09-17T12:07:15.518205
ds004473,"anat,beh,ieeg",2025-09-17T12:07:15.518262
ds004477,eeg,2025-09-17T12:07:15.518321
ds004489,"anat,fmap,func",2025-09-17T12:07:15.518379
ds004199,anat,2025-09-17T12:07:15.518445
ds004498,func,2025-09-17T12:07:15.518510
ds004502,eeg,2025-09-17T12:07:15.518563
ds004504,eeg,2025-09-17T12:07:15.518622
ds004312,"anat,fmap,func",2025-09-17T12:07:15.518679
ds004450,"anat,fmap,func",2025-09-17T12:07:15.518733
ds004496,anat,2025-09-17T12:07:15.518790
ds004509,"anat,func",2025-09-17T12:07:15.518845
ds004510,func,2025-09-17T12:07:15.518898
ds004080,ieeg,2025-09-17T12:07:15.518951
ds004511,"beh,eeg",2025-09-17T12:07:15.519005
ds004493,"anat,func",2025-09-17T12:07:15.519058
ds004484,"anat,func",2025-09-17T12:07:15.519111
ds004478,"anat,func",2025-09-17T12:07:15.519165
ds004519,eeg,2025-09-17T12:07:15.519218
ds004488,"anat,fmap,func",2025-09-17T12:07:15.519274
ds004520,eeg,2025-09-17T12:07:15.519330
ds004516,"anat,func",2025-09-17T12:07:15.519383
ds004521,eeg,2025-09-17T12:07:15.519444
ds004507,anat,2025-09-17T12:07:15.519497
ds004360,"anat,fmap,func",2025-09-17T12:07:15.519550
ds004529,"anat,func",2025-09-17T12:07:15.519602
ds004513,"anat,dwi,func,pet",2025-09-17T12:07:15.519655
ds004532,eeg,2025-09-17T12:07:15.519707
ds004017,eeg,2025-09-17T12:07:15.519762
ds004539,func,2025-09-17T12:07:15.519822
ds004261,"fmap,func",2025-09-17T12:07:15.519875
ds003691,"anat,fmap,func",2025-09-17T12:07:15.519927
ds004505,"anat,eeg",2025-09-17T12:07:15.519980
ds004544,"anat,func",2025-09-17T12:07:15.520033
ds004381,eeg,2025-09-17T12:07:15.520085
ds004465,"anat,func",2025-09-17T12:07:15.520138
ds004551,ieeg,2025-09-17T12:07:15.520197
ds004552,anat,2025-09-17T12:07:15.520251
ds004271,"fmap,func",2025-09-17T12:07:15.520307
ds004553,"anat,fmap,func",2025-09-17T12:07:15.520362
ds004554,eeg,2025-09-17T12:07:15.520415
ds004556,"anat,func",2025-09-17T12:07:15.520469
ds004557,"anat,func",2025-09-17T12:07:15.520528
ds004357,eeg,2025-09-17T12:07:15.520605
ds004560,anat,2025-09-17T12:07:15.520662
ds004196,"anat,fmap,func",2025-09-17T12:07:15.520720
ds004386,"anat,func",2025-09-17T12:07:15.520780
ds004561,eeg,2025-09-17T12:07:15.520839
ds004564,"anat,func",2025-09-17T12:07:15.520897
ds004457,ieeg,2025-09-17T12:07:15.520953
ds004574,"beh,eeg",2025-09-17T12:07:15.521008
ds004572,eeg,2025-09-17T12:07:15.521064
ds004577,eeg,2025-09-17T12:07:15.521123
ds004579,eeg,2025-09-17T12:07:15.521194
ds004580,"beh,eeg",2025-09-17T12:07:15.521258
ds004395,"beh,eeg",2025-09-17T12:07:15.521312
ds004588,"eeg,eye_tracker",2025-09-17T12:07:15.521380
ds004590,"anat,fmap,func",2025-09-17T12:07:15.521443
ds004584,eeg,2025-09-17T12:07:15.521507
ds004515,eeg,2025-09-17T12:07:15.521561
ds004603,"beh,eeg",2025-09-17T12:07:15.521621
ds004597,"anat,fmap,func",2025-09-17T12:07:15.521694
ds004284,eeg,2025-09-17T12:07:15.521767
ds004305,"anat,dwi,fmap",2025-09-17T12:07:15.521836
ds004592,"anat,func",2025-09-17T12:07:15.521901
ds004620,anat,2025-09-17T12:07:15.521971
ds004624,ieeg,2025-09-17T12:07:15.522030
ds004563,eeg,2025-09-17T12:07:15.522083
ds004598,eeg,2025-09-17T12:07:15.522141
ds004483,meg,2025-09-17T12:07:15.522197
ds004482,"anat,fmap,func",2025-09-17T12:07:15.522252
ds004627,"anat,fmap,func",2025-09-17T12:07:15.522306
ds004631,"anat,func",2025-09-17T12:07:15.522368
ds004327,"anat,fmap,func",2025-09-17T12:07:15.522423
ds004632,"anat,dwi",2025-09-17T12:07:15.522477
ds004635,eeg,2025-09-17T12:07:15.522533
ds004640,dwi,2025-09-17T12:07:15.522587
ds004616,"anat,func",2025-09-17T12:07:15.522643
ds004644,anat,2025-09-17T12:07:15.522701
ds004645,"anat,func",2025-09-17T12:07:15.522763
ds004602,eeg,2025-09-17T12:07:15.522821
ds004647,"anat,func",2025-09-17T12:07:15.522877
ds004595,eeg,2025-09-17T12:07:15.522934
ds004642,ieeg,2025-09-17T12:07:15.522992
ds004650,anat,2025-09-17T12:07:15.523050
ds004648,"anat,func",2025-09-17T12:07:15.523109
ds004475,"anat,eeg,headmodel",2025-09-17T12:07:15.523167
ds004341,"anat,fmap,func",2025-09-17T12:07:15.523228
ds004279,eeg,2025-09-17T12:07:15.523284
ds004656,"anat,func",2025-09-17T12:07:15.523339
ds004657,eeg,2025-09-17T12:07:15.523396
ds004660,eeg,2025-09-17T12:07:15.523452
ds004661,eeg,2025-09-17T12:07:15.523508
ds004662,"anat,func",2025-09-17T12:07:15.523569
ds004626,eeg,2025-09-17T12:07:15.523625
ds004604,"anat,func",2025-09-17T12:07:15.523680
ds004533,"anat,func",2025-09-17T12:07:15.523737
ds004692,"anat,fmap,func",2025-09-17T12:07:15.523794
ds004698,"anat,fmap,func",2025-09-17T12:07:15.523851
ds004693,"anat,func",2025-09-17T12:07:15.523906
ds004696,ieeg,2025-09-17T12:07:15.523960
ds004697,"anat,fmap,func",2025-09-17T12:07:15.524016
ds004589,"anat,func",2025-09-17T12:07:15.524072
ds004663,"anat,fmap,func",2025-09-17T12:07:15.524130
ds004703,"anat,ieeg",2025-09-17T12:07:15.524188
ds004711,"anat,func",2025-09-17T12:07:15.524245
ds004706,"beh,eeg",2025-09-17T12:07:15.524302
ds004469,"anat,func",2025-09-17T12:07:15.524357
ds004717,"anat,apt,asl,dwi",2025-09-17T12:07:15.524409
ds004720,"anat,func",2025-09-17T12:07:15.524467
ds004738,meg,2025-09-17T12:07:15.524521
ds004742,dwi,2025-09-17T12:07:15.524578
ds004744,dwi,2025-09-17T12:07:15.524635
ds004743,"anat,fmap,func",2025-09-17T12:07:15.524692
ds004725,"anat,func",2025-09-17T12:07:15.524746
ds004745,eeg,2025-09-17T12:07:15.524804
ds004737,"anat,dwi,fmap,func",2025-09-17T12:07:15.524870
ds004562,beh,2025-09-17T12:07:15.524926
ds004752,"eeg,ieeg",2025-09-17T12:07:15.524980
ds004324,eeg,2025-09-17T12:07:15.525034
ds004467,"anat,func",2025-09-17T12:07:15.525092
ds004767,anat,2025-09-17T12:07:15.525144
ds004746,"anat,fmap,func",2025-09-17T12:07:15.525201
ds004594,"anat,func",2025-09-17T12:07:15.525255
ds004670,"anat,func",2025-09-17T12:07:15.525308
ds004770,ieeg,2025-09-17T12:07:15.525362
ds004771,eeg,2025-09-17T12:07:15.525417
ds004775,"anat,func",2025-09-17T12:07:15.525473
ds004710,func,2025-09-17T12:07:15.525536
ds004636,"anat,fmap,func",2025-09-17T12:07:15.525592
ds004776,anat,2025-09-17T12:07:15.525647
ds004785,eeg,2025-09-17T12:07:15.525703
ds004786,"anat,fmap,func",2025-09-17T12:07:15.525759
ds004787,"anat,fmap,func",2025-09-17T12:07:15.525823
ds004789,"beh,ieeg",2025-09-17T12:07:15.525878
ds004621,eeg,2025-09-17T12:07:15.525933
ds004798,"anat,fmap,func",2025-09-17T12:07:15.525990
ds004808,"anat,func",2025-09-17T12:07:15.526049
ds004802,eeg,2025-09-17T12:07:15.526107
ds004809,"beh,ieeg",2025-09-17T12:07:15.526164
ds004542,"anat,fmap,func",2025-09-17T12:07:15.526220
ds004791,"anat,func",2025-09-17T12:07:15.526276
ds004817,eeg,2025-09-17T12:07:15.526330
ds004816,eeg,2025-09-17T12:07:15.526383
ds004819,ieeg,2025-09-17T12:07:15.526445
ds004815,"anat,fmap,func",2025-09-17T12:07:15.526498
ds004814,"anat,fmap,func",2025-09-17T12:07:15.526556
ds004783,"anat,func",2025-09-17T12:07:15.526613
ds004830,nirs,2025-09-17T12:07:15.526672
ds004718,"anat,eeg,func",2025-09-17T12:07:15.526731
ds004835,"anat,func",2025-09-17T12:07:15.526788
ds004829,"anat,fmap,func",2025-09-17T12:07:15.526843
ds004837,"anat,meg",2025-09-17T12:07:15.526899
ds004569,"func,nirs",2025-09-17T12:07:15.526955
ds004274,"anat,func",2025-09-17T12:07:15.527011
ds003138,"anat,dwi,fmap",2025-09-17T12:07:15.527067
ds004715,"anat,func",2025-09-17T12:07:15.527121
ds004712,"anat,dwi,fmap,func,swi",2025-09-17T12:07:15.527177
ds004840,eeg,2025-09-17T12:07:15.527232
ds004841,eeg,2025-09-17T12:07:15.527288
ds004842,eeg,2025-09-17T12:07:15.527341
ds004843,eeg,2025-09-17T12:07:15.527393
ds004844,eeg,2025-09-17T12:07:15.527452
ds004849,eeg,2025-09-17T12:07:15.527509
ds004850,eeg,2025-09-17T12:07:15.527569
ds004851,"eeg,eye,pos",2025-09-17T12:07:15.527625
ds004852,eeg,2025-09-17T12:07:15.527681
ds004853,eeg,2025-09-17T12:07:15.527742
ds004854,eeg,2025-09-17T12:07:15.527795
ds004855,eeg,2025-09-17T12:07:15.527855
ds004848,"anat,fmap,func",2025-09-17T12:07:15.527908
ds004859,ieeg,2025-09-17T12:07:15.527965
ds004860,eeg,2025-09-17T12:07:15.528019
ds004865,"beh,ieeg",2025-09-17T12:07:15.528071
ds004866,"anat,excluded,func",2025-09-17T12:07:15.528124
ds004495,"fmap,func",2025-09-17T12:07:15.528177
ds004666,"anat,dwi",2025-09-17T12:07:15.528233
ds004902,eeg,2025-09-17T12:07:15.528287
ds004784,eeg,2025-09-17T12:07:15.528340
ds004889,"anat,dwi",2025-09-17T12:07:15.528393
ds004884,"anat,func",2025-09-17T12:07:15.528464
ds004883,eeg,2025-09-17T12:07:15.528526
ds004012,meg,2025-09-17T12:07:15.528583
ds004654,pet,2025-09-17T12:07:15.528641
ds004730,pet,2025-09-17T12:07:15.528701
ds004731,pet,2025-09-17T12:07:15.528759
ds004733,pet,2025-09-17T12:07:15.528813
ds004906,"anat,fmap",2025-09-17T12:07:15.528870
ds004909,"anat,fmap,func",2025-09-17T12:07:15.528926
ds004913,"anat,func",2025-09-17T12:07:15.528985
ds004499,"anat,fmap,func",2025-09-17T12:07:15.529044
ds004920,"anat,fmap,func",2025-09-17T12:07:15.529101
ds004926,"anat,func",2025-09-17T12:07:15.529158
ds004910,anat,2025-09-17T12:07:15.529215
ds004929,nirs,2025-09-17T12:07:15.529272
ds004934,"anat,func",2025-09-17T12:07:15.529328
ds003834,"anat,fmap,func",2025-09-17T12:07:15.529388
ds002620,"fmap,func",2025-09-17T12:07:15.529444
ds003872,"anat,dwi,fmap,func",2025-09-17T12:07:15.529501
ds003835,"anat,fmap,func",2025-09-17T12:07:15.529566
ds003684,"anat,fmap,func",2025-09-17T12:07:15.529625
ds004935,,2025-09-17T12:07:15.529685
ds003928,"anat,func",2025-09-17T12:07:15.529740
ds003871,"anat,func",2025-09-17T12:07:15.529797
ds003851,"anat,func",2025-09-17T12:07:15.529853
ds003715,"anat,func",2025-09-17T12:07:15.529908
ds004937,"anat,beh",2025-09-17T12:07:15.529964
ds004943,"anat,func",2025-09-17T12:07:15.530025
ds004944,ieeg,2025-09-17T12:07:15.530088
ds004625,eeg,2025-09-17T12:07:15.530151
ds004946,"anat,fmap,func",2025-09-17T12:07:15.530210
ds004795,anat,2025-09-17T12:07:15.530265
ds004945,dwi,2025-09-17T12:07:15.530320
ds004630,"anat,fmap,func",2025-09-17T12:07:15.530383
ds004894,"anat,func",2025-09-17T12:07:15.530441
ds004952,eeg,2025-09-17T12:07:15.530498
ds004959,"anat,func",2025-09-17T12:07:15.530581
ds004956,"anat,func",2025-09-17T12:07:15.530642
ds004951,eeg,2025-09-17T12:07:15.530700
ds004962,"anat,dwi,perf",2025-09-17T12:07:15.530757
ds004958,"anat,fmap,func",2025-09-17T12:07:15.530816
ds004973,nirs,2025-09-17T12:07:15.530874
ds004796,"eeg,func",2025-09-17T12:07:15.530931
ds004942,eeg,2025-09-17T12:07:15.530987
ds004993,ieeg,2025-09-17T12:07:15.531043
ds004872,beh,2025-09-17T12:07:15.531102
ds004892,"anat,beh,fmap,func",2025-09-17T12:07:15.531160
ds004995,eeg,2025-09-17T12:07:15.531216
ds004996,"anat,func",2025-09-17T12:07:15.531272
ds005003,"anat,func",2025-09-17T12:07:15.531327
ds004370,ieeg,2025-09-17T12:07:15.531383
ds004605,"anat,dwi",2025-09-17T12:07:15.531438
ds004965,"anat,fmap,func",2025-09-17T12:07:15.531492
ds004998,"headmodel,meg,montage,sourcemodel",2025-09-17T12:07:15.531547
ds005007,ieeg,2025-09-17T12:07:15.531601
ds005012,"anat,fmap,func",2025-09-17T12:07:15.531655
ds005021,eeg,2025-09-17T12:07:15.531709
ds005026,"anat,dwi,func",2025-09-17T12:07:15.531764
ds005027,"anat,func",2025-09-17T12:07:15.531818
ds005016,"anat,dwi,func",2025-09-17T12:07:15.531871
ds005017,"anat,func",2025-09-17T12:07:15.531925
ds004581,"anat,dwi",2025-09-17T12:07:15.531979
ds005050,"anat,func",2025-09-17T12:07:15.532033
ds005034,eeg,2025-09-17T12:07:15.532087
ds005038,"fmap,func",2025-09-17T12:07:15.532140
ds005040,"anat,fmap,func",2025-09-17T12:07:15.532198
ds005028,eeg,2025-09-17T12:07:15.532252
ds004765,"anat,dwi,func",2025-09-17T12:07:15.532303
ds005048,eeg,2025-09-17T12:07:15.532359
ds005059,"beh,ieeg",2025-09-17T12:07:15.532413
ds005069,"anat,func",2025-09-17T12:07:15.532468
ds005072,"anat,func",2025-09-17T12:07:15.532524
ds005063,"anat,dwi",2025-09-17T12:07:15.532578
ds005065,meg,2025-09-17T12:07:15.532633
ds005077,"anat,func",2025-09-17T12:07:15.532685
ds005079,"beh,eeg",2025-09-17T12:07:15.532736
ds005083,ieeg,2025-09-17T12:07:15.532796
ds005047,"fmap,func",2025-09-17T12:07:15.532850
ds005085,"anat,fmap",2025-09-17T12:07:15.532903
ds004182,"anat,fmap,func",2025-09-17T12:07:15.532970
ds005073,"anat,fmap,func",2025-09-17T12:07:15.533026
ds005025,"anat,fmap",2025-09-17T12:07:15.533085
ds004797,"anat,func",2025-09-17T12:07:15.533137
ds004611,anat,2025-09-17T12:07:15.533192
ds005009,"anat,fmap,func",2025-09-17T12:07:15.533246
ds004869,"anat,pet",2025-09-17T12:07:15.533300
ds005089,eeg,2025-09-17T12:07:15.533354
ds005093,"mrs,pet",2025-09-17T12:07:15.533415
ds004868,"anat,pet",2025-09-17T12:07:15.533470
ds005088,"anat,fmap,func",2025-09-17T12:07:15.533529
ds005095,eeg,2025-09-17T12:07:15.533584
ds005096,anat,2025-09-17T12:07:15.533639
ds005106,eeg,2025-09-17T12:07:15.533694
ds005114,eeg,2025-09-17T12:07:15.533754
ds005115,"anat,fmap,func",2025-09-17T12:07:15.533808
ds005118,"fmap,func",2025-09-17T12:07:15.533862
ds005121,eeg,2025-09-17T12:07:15.533917
ds005125,"anat,fmap,func",2025-09-17T12:07:15.533971
ds004125,"anat,func",2025-09-17T12:07:15.534025
ds005126,"anat,func",2025-09-17T12:07:15.534079
ds005131,"beh,eeg",2025-09-17T12:07:15.534142
ds004977,ieeg,2025-09-17T12:07:15.534202
ds005123,"anat,dwi,fmap,func",2025-09-17T12:07:15.534254
ds005138,pet,2025-09-17T12:07:15.534309
ds005139,"anat,func",2025-09-17T12:07:15.534365
ds005148,"anat,func",2025-09-17T12:07:15.534428
ds005169,"anat,ieeg",2025-09-17T12:07:15.534485
ds004917,"anat,dwi,fmap,func",2025-09-17T12:07:15.534540
ds005170,eeg,2025-09-17T12:07:15.534604
ds005189,"beh,eeg,eyetrack",2025-09-17T12:07:15.534658
ds005191,anat,2025-09-17T12:07:15.534723
ds005056,anat,2025-09-17T12:07:15.534789
ds005194,"anat,func",2025-09-17T12:07:15.534846
ds005207,eeg,2025-09-17T12:07:15.534904
ds004957,"anat,fmap,func",2025-09-17T12:07:15.534960
ds004928,"anat,func",2025-09-17T12:07:15.535021
ds005233,"anat,func",2025-09-17T12:07:15.535077
ds004582,"beh,eeg",2025-09-17T12:07:15.535142
ds005165,"anat,fmap,func",2025-09-17T12:07:15.535204
ds005234,"anat,meg",2025-09-17T12:07:15.535259
ds005216,anat,2025-09-17T12:07:15.535313
ds005215,"anat,func",2025-09-17T12:07:15.535364
ds005241,meg,2025-09-17T12:07:15.535420
ds005143,func,2025-09-17T12:07:15.535471
ds003814,"anat,fmap,func",2025-09-17T12:07:15.535522
ds005262,eeg,2025-09-17T12:07:15.535576
ds005237,"anat,fmap,func",2025-09-17T12:07:15.535627
ds005263,"anat,fmap,func",2025-09-17T12:07:15.535678
ds005264,"anat,fmap,func",2025-09-17T12:07:15.535730
ds005265,"anat,func",2025-09-17T12:07:15.535780
ds005266,"anat,func",2025-09-17T12:07:15.535831
ds005250,"anat,fmap,func",2025-09-17T12:07:15.535881
ds005267,"anat,fmap,func",2025-09-17T12:07:15.535931
ds005230,"anat,func",2025-09-17T12:07:15.535982
ds005270,"anat,dwi,func",2025-09-17T12:07:15.536033
ds005273,eeg,2025-09-17T12:07:15.536084
ds005258,motion,2025-09-17T12:07:15.536134
ds005279,"anat,beh,meg",2025-09-17T12:07:15.536200
ds005107,"beh,meg",2025-09-17T12:07:15.536256
ds004587,"beh,eeg",2025-09-17T12:07:15.536306
ds005296,eeg,2025-09-17T12:07:15.536356
ds005299,"anat,dwi,fmap",2025-09-17T12:07:15.536416
ds005239,"anat,fmap,func,motion",2025-09-17T12:07:15.536469
ds004980,eeg,2025-09-17T12:07:15.536522
ds005304,"anat,func",2025-09-17T12:07:15.536574
ds005305,"behavior,eeg",2025-09-17T12:07:15.536634
ds005274,eeg,2025-09-17T12:07:15.536685
ds005342,eeg,2025-09-17T12:07:15.536737
ds005134,"anat,dwi,fmap,func",2025-09-17T12:07:15.536788
ds005355,"anat,func",2025-09-17T12:07:15.536840
ds005357,"anat,func",2025-09-17T12:07:15.536891
ds005360,"anat,dwi",2025-09-17T12:07:15.536959
ds003676,"anat,func",2025-09-17T12:07:15.537018
ds005364,"anat,dwi,fmap,func",2025-09-17T12:07:15.537070
ds005365,"anat,fmap,func",2025-09-17T12:07:15.537127
ds005375,"anat,func",2025-09-17T12:07:15.537186
ds005374,"anat,fmap,func",2025-09-17T12:07:15.537238
ds005363,eeg,2025-09-17T12:07:15.537296
ds005383,eeg,2025-09-17T12:07:15.537348
ds005366,"anat,func",2025-09-17T12:07:15.537405
ds005385,eeg,2025-09-17T12:07:15.537462
ds005397,eeg,2025-09-17T12:07:15.537517
ds005402,"anat,dwi,fmap,func",2025-09-17T12:07:15.537572
ds005075,"anat,func",2025-09-17T12:07:15.537639
ds005403,eeg,2025-09-17T12:07:15.537695
ds005371,"anat,mrs",2025-09-17T12:07:15.537756
ds005127,"anat,misc",2025-09-17T12:07:15.537812
ds004054,"anat,pet",2025-09-17T12:07:15.537865
ds005406,eeg,2025-09-17T12:07:15.537920
ds005236,"anat,dwi",2025-09-17T12:07:15.537976
ds005411,"beh,ieeg",2025-09-17T12:07:15.538028
ds005398,ieeg,2025-09-17T12:07:15.538080
ds005412,anat,2025-09-17T12:07:15.538136
ds004388,eeg,2025-09-17T12:07:15.538190
ds004389,eeg,2025-09-17T12:07:15.538240
ds005307,eeg,2025-09-17T12:07:15.538296
ds004856,"anat,dwi,func,perf,pet",2025-09-17T12:07:15.538353
ds005418,"anat,func",2025-09-17T12:07:15.538410
ds005422,anat,2025-09-17T12:07:15.538461
ds005427,"anat,func",2025-09-17T12:07:15.538512
ds005410,eeg,2025-09-17T12:07:15.538567
ds005420,eeg,2025-09-17T12:07:15.538621
ds005443,,2025-09-17T12:07:15.538673
ds005238,"anat,func",2025-09-17T12:07:15.538727
ds005454,"anat,fmap,func",2025-09-17T12:07:15.538781
ds005455,"anat,func",2025-09-17T12:07:15.538834
ds005449,"anat,func",2025-09-17T12:07:15.538888
ds005450,anat,2025-09-17T12:07:15.538941
ds005464,"anat,fmap,func",2025-09-17T12:07:15.538995
ds005467,"anat,func",2025-09-17T12:07:15.539048
ds005186,"anat,dwi",2025-09-17T12:07:15.539100
ds005401,"anat,func",2025-05-11T17:28:18.193389
ds005479,"anat,fmap,func",2025-09-17T12:07:15.539156
ds005489,"beh,ieeg",2025-09-17T12:07:15.539213
ds005491,"beh,ieeg",2025-09-17T12:07:15.539269
ds005492,"anat,func",2025-09-17T12:07:15.539324
ds005494,"beh,ieeg",2025-09-17T12:07:15.539379
ds005503,"anat,fmap,func",2025-09-17T12:07:15.539430
ds005497,"anat,func",2025-09-17T12:07:15.539484
ds005496,"anat,func",2025-09-17T12:07:15.539538
ds004323,"anat,func",2025-09-17T12:07:15.539592
ds005504,"anat,func",2025-09-17T12:07:15.539646
ds005520,eeg,2025-09-17T12:07:15.539700
ds005522,"beh,ieeg",2025-09-17T12:07:15.539763
ds005523,"beh,ieeg",2025-09-17T12:07:15.539818
ds005529,"BBB_data,anat",2025-09-17T12:07:15.539874
ds005469,"anat,beh,func",2025-09-17T12:07:15.539934
ds005429,eeg,2025-09-17T12:07:15.539987
ds005295,"anat,fmap,func",2025-09-17T12:07:15.540042
ds005530,"anat,beh,eeg,fmap,func",2025-09-17T12:07:15.540096
ds005518,"anat,func",2025-09-17T12:07:15.540148
ds005534,"anat,func",2025-09-17T12:07:15.540198
ds005386,"anat,fmap,func",2025-09-17T12:07:15.540250
ds005498,"anat,func",2025-09-17T12:07:15.540304
ds005533,anat,2025-09-17T12:07:15.540362
ds005525,"anat,fmap,func",2025-09-17T12:07:15.540416
ds005555,eeg,2025-09-17T12:07:15.540469
ds005531,"anat,func",2025-09-17T12:07:15.540524
ds005505,eeg,2025-09-17T12:07:15.540579
ds005506,eeg,2025-09-17T12:07:15.540632
ds005507,eeg,2025-09-17T12:07:15.540684
ds005508,eeg,2025-09-17T12:07:15.540735
ds005509,eeg,2025-09-17T12:07:15.540793
ds005510,eeg,2025-09-17T12:07:15.540848
ds005512,eeg,2025-09-17T12:07:15.540899
ds005514,eeg,2025-09-17T12:07:15.540953
ds005511,eeg,2025-09-17T12:07:15.541006
ds005557,"beh,ieeg",2025-09-17T12:07:15.541062
ds005558,"beh,ieeg",2025-09-17T12:07:15.541114
ds005540,"beh,eeg",2025-09-17T12:07:15.541170
ds005486,eeg,2025-09-17T12:07:15.541226
ds005261,meg,2025-09-17T12:07:15.541282
ds005559,"anat,dwi,fmap,func",2025-09-17T12:07:15.541336
ds005565,eeg,2025-09-17T12:07:15.541389
ds005573,"anat,func",2025-09-17T12:07:15.541444
ds005481,"anat,figures,log",2025-09-17T12:07:15.541496
ds005545,ieeg,2025-09-17T12:07:15.541551
ds005472,"anat,figures,fmap,func,log",2025-09-17T12:07:15.541609
ds005576,"anat,fmap,func",2025-09-17T12:07:15.541664
ds005588,"anat,func",2025-09-17T12:07:15.541716
ds005592,ieeg,2025-05-11T17:28:52.901231
ds005586,eeg,2025-09-17T12:07:15.541770
ds005597,"anat,func",2025-09-17T12:07:15.541824
ds005415,"anat,beh,ieeg",2025-09-17T12:07:15.541878
ds005595,anat,2025-09-17T12:07:15.541929
ds005571,"anat,fmap,func",2025-09-17T12:07:15.541982
ds005589,,2025-09-17T12:07:15.542037
ds005600,"anat,fmap,func",2025-09-17T12:07:15.542097
ds005090,"anat,fmap",2025-09-17T12:07:15.542150
ds005596,"anat,func",2025-09-17T12:07:15.542207
ds005602,anat,2025-09-17T12:07:15.542262
ds005603,"anat,func",2025-09-17T12:07:15.542316
ds005604,"anat,fmap,func",2025-09-17T12:07:15.542371
ds005590,"anat,pet",2025-09-17T12:07:15.542426
ds005605,pet,2025-09-17T12:07:15.542480
ds005616,anat,2025-09-17T12:07:15.542534
ds005620,eeg,2025-09-17T12:07:15.542588
ds005624,ieeg,2025-09-17T12:07:15.542641
ds005619,"anat,pet",2025-09-17T12:07:15.542695
ds005594,eeg,2025-09-17T12:07:15.542749
ds005581,"anat,func",2025-09-17T12:07:15.542803
ds005598,"anat,func",2025-09-17T12:07:15.542856
ds005381,anat,2025-09-17T12:07:15.542909
ds005628,eeg,2025-09-17T12:07:15.542963
ds005087,eeg,2025-09-17T12:07:15.543017
ds005128,"anat,fmap,func",2025-09-17T12:07:15.543074
ds005630,"anat,func",2025-09-17T12:07:15.543128
ds005635,"anat,func",2025-09-17T12:07:15.543184
ds005636,"anat,func",2025-09-17T12:07:15.543243
ds005468,"anat,func",2025-09-17T12:07:15.543299
ds005613,"anat,beh,dwi,fmap,func",2025-09-17T12:07:15.543351
ds005340,eeg,2025-09-17T12:07:15.543402
ds005226,func,2025-09-17T12:07:15.543460
ds005639,"anat,fmap,func",2025-09-17T12:07:15.543514
ds005670,ieeg,2025-09-17T12:07:15.543568
ds005691,ieeg,2025-09-17T12:07:15.543622
ds005688,eeg,2025-09-17T12:07:15.543676
ds005672,eeg,2025-09-17T12:07:15.543731
ds005692,eeg,2025-09-17T12:07:15.543783
ds005697,eeg,2025-09-17T12:07:15.543832
ds005700,"anat,func",2025-09-17T12:07:15.543889
ds005625,"anat,func",2025-09-17T12:07:15.543944
ds005704,"anat,fmap,func",2025-09-17T12:07:15.543999
ds004873,"anat,func",2025-09-17T12:07:15.544056
ds005684,"anat,func",2025-09-17T12:07:15.544106
ds005687,"anat,func,perf",2025-09-17T12:07:15.544157
ds005699,"anat,func",2025-09-17T12:07:15.544211
ds005713,"anat,dwi,func",2025-09-17T12:07:15.544266
ds005416,eeg,2025-09-17T12:07:15.544319
ds005572,"dwi,fmap",2025-09-17T12:07:15.544374
ds005731,"anat,fmap,func",2025-09-17T12:07:15.544430
ds005747,"anat,func",2025-09-17T12:07:15.544485
ds005776,nirs,2025-09-17T12:07:15.544540
ds005777,nirs,2025-09-17T12:07:15.544595
ds005779,eeg,2025-09-17T12:07:15.544650
ds005783,"anat,func",2025-09-17T12:07:15.544704
ds005577,"anat,dwi,fmap,func",2025-09-17T12:07:15.544758
ds005787,eeg,2025-09-17T12:07:15.544812
ds005574,"anat,ieeg",2025-09-17T12:07:15.544867
ds005623,"anat,func",2025-09-17T12:07:15.544920
ds005733,"anat,fmap,func",2025-09-17T12:07:15.544973
ds005815,eeg,2025-09-17T12:07:15.545029
ds005811,eeg,2025-09-17T12:07:15.545085
ds005356,meg,2025-09-17T12:07:15.545145
ds005849,"anat,func",2025-09-17T12:07:15.545202
ds005345,"anat,eeg,func",2025-09-17T12:07:15.545257
ds005850,"anat,func",2025-09-17T12:07:15.545311
ds005863,eeg,2025-09-17T12:07:15.545366
ds005810,meg,2025-09-17T12:07:15.545418
ds005866,eeg,2025-09-17T12:07:15.545473
ds005868,eeg,2025-09-17T12:07:15.545527
ds005876,"beh,eeg",2025-09-17T12:07:15.545581
ds005874,"anat,func",2025-09-17T12:07:15.545635
ds005880,"anat,func",2025-09-17T12:07:15.545689
ds005839,"anat,func",2025-09-17T12:07:15.545745
ds005185,"beh,eeg",2025-09-17T12:07:15.545799
ds005178,eeg,2025-09-17T12:07:15.545850
ds005891,"anat,func",2025-09-17T12:07:15.545904
ds005717,func,2025-09-17T12:07:15.545959
ds005882,"anat,func",2025-09-17T12:07:15.546010
ds005873,"ecg,eeg,emg,mov",2025-09-17T12:07:15.546066
ds005851,anat,2025-09-17T12:07:15.546118
ds005795,"anat,eeg,func",2025-09-17T12:07:15.546176
ds005899,,2025-09-17T12:07:15.546229
ds005754,"anat,beh,func",2025-09-17T12:07:15.546284
ds005883,"anat,fmap,func,physio",2025-09-17T12:07:15.546339
ds005884,"anat,fmap,func,physio",2025-09-17T12:07:15.546396
ds005895,"ct,pet",2025-09-17T12:07:15.546448
ds005203,"anat,fmap,func",2025-09-17T12:07:15.546498
ds005903,"anat,fmap,func",2025-09-17T12:07:15.546548
ds005405,"anat,fmap,func",2025-09-17T12:07:15.546598
ds005907,eeg,2025-09-17T12:07:15.546648
ds005920,"anat,func",2025-09-17T12:07:15.546704
ds005521,"anat,func",2025-09-17T12:07:15.546753
ds005926,derivatives,2025-09-17T12:07:15.546803
ds005927,,2025-09-17T12:07:15.546857
ds005929,nirs,2025-09-17T12:07:15.546909
ds005930,nirs,2025-09-17T12:07:15.546960
ds004774,ieeg,2025-09-17T12:07:15.547019
ds005935,nirs,2025-09-17T12:07:15.547069
ds005752,"anat,dwi,func,perf",2025-09-17T12:07:15.547119
ds005917,"anat,dwi,func",2025-09-17T12:07:15.547169
ds005946,eeg,2025-09-17T12:07:15.547220
ds005343,eeg,2025-09-17T12:07:15.547270
ds004514,"eeg,nirs",2025-09-17T12:07:15.547320
ds004517,eeg,2025-09-17T12:07:15.547370
ds005953,ieeg,2025-09-17T12:07:15.547419
ds005329,"anat,fmap,func",2025-09-17T12:07:15.547469
ds005516,eeg,2025-09-17T12:07:15.547518
ds005515,eeg,2025-09-17T12:07:15.547568
ds002312,"eyetrack,meg",2025-09-17T12:07:15.547629
ds005963,nirs,2025-09-17T12:07:15.547681
ds005964,nirs,2025-09-17T12:07:15.547732
ds005931,ieeg,2025-09-17T12:07:15.547783
ds005256,"anat,dwi,fmap,func",2025-09-17T12:07:15.547834
ds005664,"anat,dwi,fmap",2025-09-17T12:07:15.547884
ds005978,anat,2025-09-17T12:07:15.547934
ds005980,"anat,func",2025-09-17T12:07:15.547984
ds005875,"anat,func",2025-09-17T12:07:15.548039
ds006001,"anat,dwi",2025-09-17T12:07:15.548089
ds005960,eeg,2025-09-17T12:07:15.548138
ds006005,"anat,func",2025-09-17T12:07:15.548187
ds006010,"anat,fmap,func",2025-09-17T12:07:15.548237
ds006012,"anat,meg",2025-09-17T12:07:15.548294
ds006018,eeg,2025-09-17T12:07:15.548348
ds005431,"anat,dwi",2025-09-17T12:07:15.548400
ds006033,"anat,func",2025-09-17T12:07:15.548451
ds006035,meg,2025-09-17T12:07:15.548501
ds006036,eeg,2025-09-17T12:07:15.548551
ds006039,"anat,func",2025-09-17T12:07:15.548602
ds006040,"anat,beh,dwi,eeg,func",2025-09-17T12:07:15.548667
ds005901,"anat,dwi,fmap,func",2025-09-17T12:07:15.548719
ds005896,"anat,dwi,func",2025-09-17T12:07:15.548769
ds006071,,2025-09-17T12:07:15.548824
ds006072,"anat,dwi,fmap,func",2025-09-17T12:07:15.548874
ds005166,"anat,beh,func",2025-09-17T12:07:15.548923
ds006065,ieeg,2025-09-17T12:07:15.548974
ds005857,"beh,eeg",2025-09-17T12:07:15.549027
ds005346,"anat,func",2025-09-17T12:07:15.549079
ds005892,"anat,fmap,func",2025-09-17T12:07:15.549131
ds006092,"anat,func",2025-09-17T12:07:15.549181
ds005894,"anat,func",2025-09-17T12:07:15.549232
ds006104,eeg,2025-09-17T12:07:15.549283
ds006105,"anat,func",2025-09-17T12:07:15.549333
ds006107,ieeg,2025-09-17T12:07:15.549383
ds005341,"anat,dwi,fmap,func",2025-09-17T12:07:15.549439
ds003358,"anat,func",2025-09-17T12:07:15.549490
ds003877,anat,2025-09-17T12:07:15.549539
ds003892,"anat,func",2025-09-17T12:07:15.549594
ds003900,anat,2025-09-17T12:07:15.549647
ds003927,"anat,func",2025-09-17T12:07:15.549699
ds005737,dwi,2025-09-17T12:07:15.549751
ds005648,eeg,2025-09-17T12:07:15.549805
ds005460,"anat,fmap,func",2025-09-17T12:07:15.549856
ds006123,anat,2025-09-17T12:07:15.549906
ds004669,"anat,func",2025-09-17T12:07:15.549956
ds006126,eeg,2025-09-17T12:07:15.550014
ds005413,"anat,beh,fmap,func",2025-09-17T12:07:15.550065
ds006156,"anat,func",2025-09-17T12:07:15.550116
ds006145,,2025-09-17T12:07:15.550179
ds006171,eeg,2025-09-17T12:07:15.550238
ds006179,"anat,func",2025-09-17T12:07:15.550298
ds006111,,2025-09-17T12:07:15.550349
ds006181,"anat,dwi",2025-09-17T12:07:15.550412
ds006187,"dwi,fmap",2025-09-17T12:07:15.550465
ds006193,"anat,fmap,func",2025-09-17T12:07:15.550516
ds006207,"fmap,func",2025-09-17T12:07:15.550578
ds005947,"anat,fmap,func",2025-09-17T12:07:15.550630
ds006209,"anat,func",2025-09-17T12:07:15.550687
ds006095,eeg,2025-09-17T12:07:15.550742
ds006211,"anat,fmap,func",2025-09-17T12:07:15.550803
ds006206,"anat,fmap,func",2025-09-17T12:07:15.550853
ds006128,"anat,func",2025-09-17T12:07:15.550914
ds006224,"anat,func",2025-09-17T12:07:15.550964
ds006218,"ct,pet",2025-09-17T12:07:15.551014
ds006239,"anat,dti,fmap,func",2025-09-17T12:07:15.551066
ds006192,"anat,figures,func,log",2025-09-17T12:07:15.551120
ds006191,func,2025-09-17T12:07:15.551178
ds006189,"figures,func,log",2025-09-17T12:07:15.551237
ds006190,func,2025-09-17T12:07:15.551296
ds006188,"anat,figures,log,perf",2025-09-17T12:07:15.551347
ds006185,"anat,figures,fmap,func,log",2025-09-17T12:07:15.551406
ds006184,log,2025-09-17T12:07:15.551455
ds006182,"anat,dwi,figures,log",2025-09-17T12:07:15.551505
ds006143,"anat,dwi,figures,func",2025-09-17T12:07:15.551555
ds006243,func,2025-09-17T12:07:15.551605
ds006138,,2025-09-17T12:07:15.551656
ds006169,"anat,dwi",2025-09-17T12:07:15.551719
ds006248,anat,2025-09-17T12:07:15.551831
ds006234,ieeg,2025-09-17T12:07:15.551900
ds006233,ieeg,2025-09-17T12:07:15.551963
ds006159,"beh,eeg",2025-09-17T12:07:15.552020
ds006253,ieeg,2025-09-17T12:07:15.552077
ds006131,"anat,dwi,fmap,func,perf",2025-09-17T12:07:15.552133
ds005841,eeg,2025-09-17T12:07:15.552189
ds005407,eeg,2025-09-17T12:07:15.552243
ds006260,eeg,2025-09-17T12:07:15.552298
ds006266,"anat,func",2025-09-17T12:07:15.552351
ds006265,"anat,func",2025-09-17T12:07:15.552405
ds006267,anat,2025-09-17T12:07:15.552459
ds006142,eeg,2025-09-17T12:07:15.552512
ds006269,eeg,2025-09-17T12:07:15.552566
ds006303,"anat,func",2025-09-17T12:07:15.552619
ds005137,anat,2025-09-17T12:07:15.552673
ds006317,eeg,2025-09-17T12:07:15.552731
ds006318,derivatives,2025-09-17T12:07:15.552786
ds006334,"anat,meg",2025-09-17T12:07:15.552840
ds006067,"anat,fmap,func",2025-09-17T12:07:15.552894
ds006367,eeg,2025-09-17T12:07:15.552948
ds006366,eeg,2025-09-17T12:07:15.553000
ds006377,nirs,2025-09-17T12:07:15.553053
ds006370,eeg,2025-09-17T12:07:15.553110
ds005448,,2025-09-17T12:07:15.553430
ds006392,ieeg,2025-09-17T12:07:15.553166
ds006394,"beh,eeg",2025-09-17T12:07:15.553219
ds006373,"fmap,func",2025-09-17T12:07:15.553272
ds005551,"anat,fmap,func",2025-09-17T12:07:15.553325
ds006401,"anat,func",2025-09-17T12:07:15.553377
ds006395,"anat,dwi,func",2025-09-17T12:07:15.553484
ds006437,eeg,2025-09-17T12:07:15.553540
ds006444,"anat,mrs",2025-09-17T12:07:15.553595
ds006446,eeg,2025-09-17T12:07:15.553649
ds005642,eeg,2025-09-17T12:07:15.553702
ds005280,eeg,2025-09-17T12:07:15.553772
ds005284,eeg,2025-09-17T12:07:15.553829
ds005285,eeg,2025-09-17T12:07:15.553887
ds005473,eeg,2025-09-17T12:07:15.553941
ds005293,,2025-09-17T12:07:15.553995
ds005292,eeg,2025-09-17T12:07:15.554049
ds005291,eeg,2025-09-17T12:07:15.554103
ds005289,eeg,2025-09-17T12:07:15.554159
ds005286,eeg,2025-09-17T12:07:15.554215
ds006459,nirs,2025-09-17T12:07:15.554270
ds006460,nirs,2025-09-17T12:07:15.554324
ds006466,eeg,2025-09-17T12:07:15.554379
ds006045,"anat,func",2025-09-17T12:07:15.554433
ds006462,beh,2025-09-17T12:07:15.554489
ds006391,"anat,dwi,fmap,func",2025-09-17T12:07:15.554546
ds006472,"anat,fmap,func",2025-09-17T12:07:15.554601
ds006480,eeg,2025-09-17T12:07:15.554655
ds006486,anat,2025-09-17T12:07:15.554709
ds006483,,2025-09-17T12:07:15.554769
ds005658,,2025-09-17T12:07:15.554827
ds006319,,2025-09-17T12:07:15.554881
ds006512,,2025-09-17T12:07:15.554935
ds006407,,2025-09-17T12:07:15.554988
ds006519,ieeg,2025-09-17T12:07:15.555041
ds006525,eeg,2025-09-17T12:07:15.555095
ds006521,,2025-09-17T12:07:15.555149
ds005112,,2025-09-17T12:07:15.555202
ds004940,,2025-09-17T12:07:15.555254
ds006545,,2025-09-17T12:07:15.555311
ds006547,eeg,2025-09-17T12:07:15.555366
ds006468,meg,2025-09-17T12:07:15.555420
ds006554,eeg,2025-09-17T12:07:15.555474
ds006557,,2025-09-17T12:07:15.555527
ds006556,,2025-09-17T12:07:15.555581
ds006563,eeg,2025-09-17T12:07:15.555634
ds006212,,2025-09-17T12:07:15.555686
ds006564,,2025-09-17T12:07:15.555738
ds004974,,2025-09-17T12:07:15.555792
ds006592,,2025-09-17T12:07:15.555844
ds006593,eeg,2025-09-17T12:07:15.555896
ds006598,,2025-09-17T12:07:15.555951
ds006566,,2025-09-17T12:07:15.556011
ds006572,,2025-09-17T12:07:15.556065
ds006594,,2025-09-17T12:07:15.556119
ds006601,,2025-09-17T12:07:15.556172
ds006583,,2025-09-17T12:07:15.556225
ds006434,eeg,2025-09-17T12:07:15.556281
ds006630,,2025-09-17T12:07:15.556332
ds006613,,2025-09-17T12:07:15.556384
ds006638,,2025-09-17T12:07:15.556435
ds006502,meg,2025-09-17T12:07:15.556486
ds006636,,2025-09-17T12:07:15.556537
ds006491,,2025-09-17T12:07:15.556588
ds006661,,2025-09-17T12:07:15.556640
ds006374,eeg,2025-09-17T12:07:15.556698
ds006668,,2025-09-17T12:07:15.556752
ds006670,,2025-09-17T12:07:15.556806
ds006676,,2025-09-17T12:07:15.556862
ds006644,,2025-09-17T12:07:15.556914
ds005933,,2025-09-17T12:07:15.556967
