dataset_name,modalities,processed_date
ds000001,"anat,func",2025-05-11T17:14:18.897303
ds000002,"anat,func",2025-05-11T17:14:19.460751
ds000003,"anat,func",2025-05-11T17:14:20.034490
ds000005,"anat,func",2025-05-11T17:14:20.559561
ds000008,"anat,func",2025-05-11T17:14:21.239001
ds000011,"anat,func",2025-05-11T17:14:21.859713
ds000051,"anat,func",2025-05-11T17:14:22.424192
ds000052,"anat,func",2025-05-11T17:14:22.946884
ds000101,"anat,func",2025-05-11T17:14:23.536843
ds000102,"anat,func",2025-05-11T17:14:24.268434
ds000105,"anat,func",2025-05-11T17:14:24.872175
ds000107,"anat,func",2025-05-11T17:14:25.458664
ds000109,"anat,func",2025-05-11T17:14:25.971862
ds000017,"anat,func",2025-05-11T17:14:26.482595
ds000122,"anat,func",2025-05-11T17:14:27.351845
ds001037,anat,2025-05-11T17:14:27.898607
ds001110,"anat,beh,func",2025-05-11T17:14:28.428354
ds001105,"anat,fmap,func",2025-05-11T17:14:28.932522
ds001131,"anat,func",2025-05-11T17:14:29.465646
ds001132,"anat,func",2025-05-11T17:14:30.002135
ds001145,"anat,func",2025-05-11T17:14:30.494490
ds001178,func,2025-05-11T17:14:31.037111
ds001247,"anat,fmap,func",2025-05-11T17:14:31.635546
ds001299,"anat,func",2025-05-11T17:14:32.256769
ds001306,"anat,func",2025-05-11T17:14:33.132851
ds000208,"anat,func",2025-05-11T17:14:33.645787
ds000248,"anat,meg",2025-05-11T17:14:34.237294
ds000138,func,2025-05-11T17:14:34.764390
ds000236,"anat,func",2025-05-11T17:14:35.339860
ds000174,anat,2025-05-11T17:14:35.851272
ds000116,"anat,func",2025-05-11T17:14:36.913449
ds000255,"anat,func",2025-05-11T17:14:37.537000
ds000157,"anat,func",2025-05-11T17:14:38.376993
ds000202,anat,2025-05-11T17:14:38.970880
ds000240,"anat,perf",2025-05-11T17:14:39.562871
ds000231,"anat,func",2025-05-11T17:14:40.103425
ds000235,"anat,func",2025-05-11T17:14:40.638428
ds000219,"anat,func",2025-05-11T17:14:41.163937
ds000200,"anat,func",2025-05-11T17:14:41.682009
ds000218,"anat,func",2025-05-11T17:14:42.188234
ds000234,"anat,func",2025-05-11T17:14:42.761619
ds000144,"anat,func",2025-05-11T17:14:43.318218
ds000120,"anat,func",2025-05-11T17:14:43.858199
ds000168,"anat,func",2025-05-11T17:14:44.447814
ds000205,"anat,func",2025-05-11T17:14:44.998387
ds000237,"anat,func",2025-05-11T17:14:45.505672
ds000245,"anat,func",2025-05-11T17:14:46.122074
ds000164,"anat,func",2025-05-11T17:14:46.719882
ds000222,"anat,beh",2025-05-11T17:14:47.269595
ds000229,"anat,func",2025-05-11T17:14:47.840542
ds000254,"anat,func",2025-05-11T17:14:48.401443
ds000214,"anat,func",2025-05-11T17:14:48.939239
ds000246,"anat,meg",2025-05-11T17:14:49.494202
ds000213,"anat,func",2025-05-11T17:14:50.115200
ds000239,anat,2025-05-11T17:14:50.688156
ds001338,"anat,func",2025-05-11T17:14:51.288526
ds001339,"anat,func",2025-05-11T17:14:51.882246
ds001344,"anat,func",2025-05-11T17:14:52.409919
ds000114,"anat,dwi,func",2025-05-11T17:14:53.286563
ds001357,"anat,func",2025-05-11T17:14:54.166064
ds001365,anat,2025-05-11T17:14:54.784357
ds001378,"anat,dwi",2025-05-11T17:14:55.391069
ds001386,"anat,func",2025-05-11T17:14:56.311970
ds001399,"anat,fmap,func",2025-05-11T17:14:57.040452
ds001420,"anat,pet",2025-05-11T17:14:57.839503
ds001421,"anat,pet",2025-05-11T17:14:58.669644
ds001419,"anat,dwi,func",2025-05-11T17:14:59.467366
ds001450,func,2025-05-11T17:15:00.006078
ds001021,"anat,dwi,func",2025-05-11T17:15:00.555237
ds001454,"anat,beh,fmap,func",2025-05-11T17:15:01.446088
ds000201,"anat,beh,fmap,func",2025-05-11T17:15:02.347090
ds001246,anat,2025-05-11T17:15:03.208910
ds001506,anat,2025-05-11T17:15:04.067232
ds001511,"anat,fmap,func",2025-05-11T17:15:04.928508
ds001510,"anat,fmap,func",2025-05-11T17:15:05.456159
ds001499,"fmap,func,tmp_dcm2bids",2025-05-11T17:15:06.060046
ds001486,"anat,func",2025-05-11T17:15:06.942305
ds000244,"anat,dwi,fmap,func",2025-05-11T17:15:07.753789
ds001517,"anat,func",2025-05-11T17:15:08.592167
ds001525,"anat,func",2025-05-11T17:15:09.100761
ds000117,"beh,meg",2025-05-11T17:15:09.712679
ds001529,func,2025-05-11T17:15:10.640278
ds001545,"anat,fmap,func",2025-05-11T17:15:11.507100
ds001534,"anat,func",2025-05-11T17:15:12.086574
ds001547,"anat,func,stat",2025-05-11T17:15:12.686981
ds001553,"anat,func",2025-05-11T17:15:13.204596
ds001555,"anat,func",2025-05-11T17:15:14.034795
ds001551,"anat,func",2025-05-11T17:15:14.921263
ds001566,"anat,func",2025-05-11T17:15:15.512916
ds001576,"anat,func",2025-05-11T17:15:16.036647
ds001583,"anat,func",2025-05-11T17:15:16.568675
ds001591,"anat,func",2025-05-11T17:15:17.145023
ds000228,"anat,func",2025-05-11T17:15:17.972162
ds001595,"anat,dwi,fmap,func",2025-05-11T17:15:18.558847
ds001597,"fmap,func",2025-05-11T17:15:19.138949
ds001541,"anat,func",2025-05-11T17:15:19.939448
ds001600,"anat,fmap,func",2025-05-11T17:15:20.798959
ds001461,func,2025-05-11T17:15:21.357276
ds001497,"anat,func",2025-05-11T17:15:21.956106
ds001607,"anat,func",2025-05-11T17:15:22.517456
ds000233,"anat,func",2025-05-11T17:15:23.064117
ds000241,"anat,func",2025-05-11T17:15:23.621935
ds001612,"anat,func",2025-05-11T17:15:24.219633
ds001614,"anat,func",2025-05-11T17:15:24.750455
ds001618,func,2025-05-11T17:15:25.237817
ds001621,"anat,func",2025-05-11T17:15:25.873401
ds001439,"anat,func",2025-05-11T17:15:26.429404
ds001354,"anat,func",2025-05-11T17:15:26.944841
ds001635,"anat,func",2025-05-11T17:15:27.466239
ds001634,"anat,func",2025-05-11T17:15:27.988182
ds001168,"anat,fmap,func",2025-05-11T17:15:28.537838
ds001652,"anat,func",2025-05-11T17:15:29.377904
ds001720,func,2025-05-11T17:15:29.897779
ds001722,"anat,func",2025-05-11T17:15:30.914991
ds001728,"anat,func",2025-05-11T17:15:31.466914
ds001740,"anat,fmap,func",2025-05-11T17:15:32.032096
ds001745,"anat,func",2025-05-11T17:15:32.623984
ds001743,"anat,dwi",2025-05-11T17:15:33.160563
ds001748,"anat,func",2025-05-11T17:15:33.732721
ds001705,"anat,pet",2025-05-11T17:15:34.329594
ds000220,"anat,func",2025-05-11T17:15:35.167359
ds001762,"anat,func",2025-05-11T17:15:36.013789
ds001715,"anat,func",2025-05-11T17:15:36.676447
ds001761,"anat,func",2025-05-11T17:15:37.178908
ds001232,"anat,beh,func",2025-05-11T17:15:38.134199
ds001554,"anat,func",2025-05-11T17:15:38.735790
ds001521,"anat,func",2025-05-11T17:15:39.285232
ds001771,"anat,dwi,fmap,func",2025-05-11T17:15:39.835485
ds001775,"anat,func",2025-05-11T17:15:40.449089
ds000212,"anat,func",2025-05-11T17:15:40.991436
ds001590,"anat,dwi,fmap,func",2025-05-11T17:15:41.517835
ds001229,"anat,func",2025-05-11T17:15:42.129141
ds001868,"anat,ieeg",2025-05-11T17:15:42.644921
ds001875,"anat,dwi,func",2025-05-11T17:15:43.536607
ds000224,"fmap,func",2025-05-11T17:15:44.059916
ds000172,"anat,fmap,func",2025-05-11T17:15:44.942969
ds001890,"anat,func",2025-05-11T17:15:45.529183
ds001769,func,2025-05-11T17:15:46.366518
ds001907,"anat,dwi,func",2025-05-11T17:15:47.271033
ds001734,"anat,fmap,func",2025-05-11T17:15:48.128561
ds001919,"anat,dwi",2025-05-11T17:15:48.809174
ds001921,"anat,func",2025-05-11T17:15:49.450704
ds001923,"anat,func",2025-05-11T17:15:49.991709
ds000148,"anat,func",2025-05-11T17:15:50.579138
ds001912,"anat,func",2025-05-11T17:15:51.170715
ds001927,"anat,func",2025-05-11T17:15:52.055238
ds001894,"anat,dwi,func",2025-05-11T17:15:52.934363
ds001926,"anat,fmap,func",2025-05-11T17:15:53.864980
ds001019,"anat,func",2025-05-11T17:15:54.863308
ds001945,anat,2025-05-11T17:15:55.455998
ds001810,eeg,2025-05-11T17:15:56.018684
ds001882,"anat,func",2025-05-11T17:15:56.867175
ds001883,"anat,func",2025-05-11T17:15:57.683342
ds000158,"anat,func",2025-05-11T17:15:58.548376
ds001242,"anat,dwi,func",2025-05-11T17:15:59.154835
ds001966,"anat,fmap,func",2025-05-11T17:15:59.700467
ds001971,eeg,2025-05-11T17:16:00.323094
ds001978,"anat,fmap,func",2025-05-11T17:16:00.893011
ds001972,anat,2025-05-11T17:16:01.735695
ds001984,"anat,fmap,func",2025-05-11T17:16:02.587413
ds002000,"anat,func",2025-05-11T17:16:03.473021
ds002001,"anat,meg",2025-05-11T17:16:04.041220
ds002006,"anat,func",2025-05-11T17:16:04.982676
ds001408,"anat,func",2025-05-11T17:16:05.953835
ds002011,"anat,func",2025-05-11T17:16:07.219993
ds002016,anat,2025-05-11T17:16:08.168538
ds001818,"anat,func",2025-05-11T17:16:08.793333
ds002033,"anat,func",2025-05-11T17:16:09.820359
ds002040,anat,2025-05-11T17:16:10.824619
ds001840,"anat,eyetrack,func",2025-05-11T17:16:11.681870
ds001608,"anat,func",2025-05-11T17:16:12.424302
ds001653,"anat,func",2025-05-11T17:16:13.101616
ds001784,"anat,beh,eeg",2025-05-11T17:16:14.283919
ds002013,"anat,func",2025-05-11T17:16:14.808099
ds002080,"anat,dwi,func",2025-05-11T17:16:15.532574
ds002041,"anat,func,pet",2025-05-11T17:16:16.698095
ds002087,dwi,2025-05-11T17:16:17.607723
ds002094,eeg,2025-05-11T17:16:18.296593
ds001946,"anat,fmap,func",2025-05-11T17:16:19.002086
ds001849,eeg,2025-05-11T17:16:19.585237
ds002034,eeg,2025-05-11T17:16:20.267360
ds001725,"anat,func",2025-05-11T17:16:21.208534
ds002154,func,2025-05-11T17:16:22.179678
ds002076,"anat,func",2025-05-11T17:16:22.975067
ds002156,"anat,fmap,func",2025-05-11T17:16:23.544184
ds002155,"anat,func",2025-05-11T17:16:24.473664
ds002153,"anat,func",2025-05-11T17:16:25.044096
ds002149,"anat,func",2025-05-11T17:16:25.840118
ds002179,anat,2025-05-11T17:16:26.554135
ds001981,"anat,func",2025-05-11T17:16:27.424891
ds001482,"anat,func",2025-05-11T17:16:28.275413
ds002207,anat,2025-05-11T17:16:28.986073
ds001563,anat,2025-05-11T17:16:29.586352
ds000216,"anat,func",2025-05-11T17:16:30.139643
ds002218,eeg,2025-05-11T17:16:30.829175
ds002237,"anat,func",2025-05-11T17:16:31.368324
ds001928,"anat,dwi,func",2025-05-11T17:16:31.925923
ds002242,"anat,func",2025-05-11T17:16:32.632799
ds002250,"anat,func",2025-05-11T17:16:33.191891
ds002014,"anat,func",2025-05-11T17:16:33.737223
ds002293,anat,2025-05-11T17:16:34.295819
ds002311,"anat,fmap,func",2025-05-11T17:16:34.961431
ds002307,"anat,func",2025-05-11T17:16:35.499711
ds000210,"anat,func",2025-05-11T17:16:36.604911
ds002316,"anat,fmap,func",2025-05-11T17:16:37.342238
ds002320,"anat,fmap,func",2025-05-11T17:16:37.965231
ds002322,"anat,func",2025-05-11T17:16:38.475845
ds002328,anat,2025-05-11T17:16:39.091671
ds001345,"anat,func",2025-05-11T17:16:39.615936
ds002336,"anat,eeg,func",2025-05-11T17:16:40.169837
ds002338,"anat,eeg,func",2025-05-11T17:16:40.732030
ds002345,"anat,func",2025-05-11T17:16:41.254094
ds000030,"anat,beh,dwi,func",2025-05-11T17:16:41.867791
ds002278,"fmap,func",2025-05-11T17:16:42.493430
ds001787,eeg,2025-05-11T17:16:43.361491
ds000006,"anat,func",2025-05-11T17:16:44.177270
ds000007,"anat,func",2025-05-11T17:16:45.030931
ds000009,"anat,dwi,func",2025-05-11T17:16:45.572169
ds000031,anat,2025-05-11T17:16:46.154718
ds000053,"anat,func",2025-05-11T17:16:47.094090
ds000108,"anat,func",2025-05-11T17:16:47.677732
ds000110,"anat,func",2025-05-11T17:16:48.229887
ds000113,func,2025-05-11T17:16:48.784348
ds000115,"anat,func",2025-05-11T17:16:49.650232
ds000119,"anat,func",2025-05-11T17:16:50.219085
ds000121,"anat,beh,func",2025-05-11T17:16:50.760329
ds000133,"anat,func",2025-05-11T17:16:51.314721
ds000140,"anat,func",2025-05-11T17:16:52.208393
ds000170,"anat,func",2025-05-11T17:16:52.746604
ds000171,"anat,func",2025-05-11T17:16:53.271433
ds000203,"anat,func",2025-05-11T17:16:53.755233
ds000206,"anat,dwi",2025-05-11T17:16:54.300777
ds000217,"anat,beh,fmap,func",2025-05-11T17:16:55.124042
ds000221,"anat,fmap,func",2025-05-11T17:16:55.693349
ds000223,"anat,fmap,func",2025-05-11T17:16:56.588297
ds000238,"anat,beh,func",2025-05-11T17:16:57.163166
ds000243,"anat,func",2025-05-11T17:16:57.725044
ds000247,"anat,meg",2025-05-11T17:16:58.290576
ds000249,"anat,fmap,func",2025-05-11T17:16:59.136538
ds000253,"anat,func",2025-05-11T17:16:59.735933
ds000256,"anat,fmap,func",2025-05-11T17:17:00.271720
ds000258,"anat,func",2025-05-11T17:17:00.804440
ds001107,,2025-05-11T17:17:01.397962
ds001167,"anat,func",2025-05-11T17:17:01.652933
ds001218,"anat,fmap,func",2025-05-11T17:17:02.204018
ds001226,"anat,dwi,func",2025-05-11T17:17:02.784333
ds001228,func,2025-05-11T17:17:03.587409
ds001233,"fmap,func",2025-05-11T17:17:04.149015
ds001235,"anat,func",2025-05-11T17:17:04.929349
ds001241,"anat,func",2025-05-11T17:17:05.462930
ds001293,func,2025-05-11T17:17:06.014666
ds001297,"anat,func",2025-05-11T17:17:06.887943
ds001302,"anat,func",2025-05-11T17:17:07.389042
ds001417,"anat,func",2025-05-11T17:17:07.881225
ds001430,"anat,fmap,func",2025-05-11T17:17:08.926615
ds001491,"anat,func",2025-05-11T17:17:09.457530
ds002165,"anat,func",2025-05-11T17:17:10.082398
ds002181,eeg,2025-05-11T17:17:11.134858
ds002232,"anat,fmap,func",2025-05-11T17:17:11.801958
ds002236,"anat,func",2025-05-11T17:17:12.689381
ds002270,"anat,fmap,func",2025-05-11T17:17:13.310713
ds002274,anat,2025-05-11T17:17:13.860117
ds002355,"anat,func",2025-05-11T17:17:14.400012
ds002358,anat,2025-05-11T17:17:14.955685
ds002330,"anat,dwi,fmap,func",2025-05-11T17:17:15.477896
ds002367,anat,2025-05-11T17:17:16.038939
ds002372,"anat,func",2025-05-11T17:17:16.614879
ds002374,dwi,2025-05-11T17:17:17.457899
ds002366,"anat,dwi,fmap,func",2025-05-11T17:17:18.059110
ds002393,"anat,dwi",2025-05-11T17:17:18.933507
ds002380,anat,2025-05-11T17:17:19.521581
ds002363,"anat,func",2025-05-11T17:17:20.095190
ds002422,"anat,fmap,func",2025-05-11T17:17:20.682728
ds001353,"anat,func",2025-05-11T17:17:21.246922
ds002419,"anat,fmap,func",2025-05-11T17:17:21.843081
ds002306,"anat,func",2025-05-11T17:17:22.689249
ds002411,"anat,func",2025-05-11T17:17:23.221845
ds002522,"anat,func",2025-05-11T17:17:23.782596
ds002547,"anat,func",2025-05-11T17:17:24.659813
ds002513,"anat,fmap,func",2025-05-11T17:17:25.818454
ds002543,"anat,dwi,func",2025-05-11T17:17:26.397888
ds002549,"anat,fmap,func",2025-05-11T17:17:26.936529
ds002574,"anat,fmap,func",2025-05-11T17:17:27.778691
ds002551,"anat,func",2025-05-11T17:17:28.805203
ds002578,"anat,eeg",2025-05-11T17:17:29.360211
ds002596,"anat,func",2025-05-11T17:17:29.911993
ds002683,"anat,fmap,func",2025-05-11T17:17:30.512469
ds002685,"anat,dwi,fmap,func",2025-05-11T17:17:31.176609
ds002687,"anat,func",2025-05-11T17:17:32.131484
ds002691,eeg,2025-05-11T17:17:32.647531
ds002680,eeg,2025-05-11T17:17:33.199262
ds002655,"anat,fmap,func",2025-05-11T17:17:34.022304
ds002294,"anat,fmap,func",2025-05-11T17:17:34.553175
ds002702,anat,2025-05-11T17:17:35.171466
ds002711,"anat,func",2025-05-11T17:17:36.031105
ds002715,"anat,func",2025-05-11T17:17:36.560051
ds002712,"anat,beh,derivatives,meg",2025-05-11T17:17:37.409865
ds002717,anat,2025-05-11T17:17:37.974707
ds002718,"anat,eeg",2025-05-11T17:17:38.496007
ds002732,"anat,func",2025-05-11T17:17:39.125376
ds002723,eeg,2025-05-11T17:17:39.706537
ds002720,eeg,2025-05-11T17:17:40.295422
ds002722,eeg,2025-05-11T17:17:40.851853
ds002721,eeg,2025-05-11T17:17:41.413856
ds002724,eeg,2025-05-11T17:17:41.974240
ds002725,"anat,eeg,func",2025-05-11T17:17:42.826947
ds002750,"anat,func",2025-05-11T17:17:43.441564
ds002749,func,2025-05-11T17:17:43.985089
ds002770,"anat,fmap,func",2025-05-11T17:17:44.835595
ds002734,"EEG,anat,func",2025-05-11T17:17:45.524046
ds002727,"anat,fmap,func",2025-05-11T17:17:46.027027
ds002778,"beh,eeg",2025-05-11T17:17:46.539370
ds002773,beh,2025-05-11T17:17:47.387476
ds002614,"anat,func",2025-05-11T17:17:48.255112
ds002609,"anat,calibration,fmap,func",2025-05-11T17:17:48.782073
ds002105,"anat,fmap,func",2025-05-11T17:17:49.366076
ds002776,"anat,fmap,func",2025-05-11T17:17:50.248335
ds002168,"anat,fmap,func",2025-05-11T17:17:51.042684
ds002797,"anat,func",2025-05-11T17:17:51.610875
ds002793,"anat,func",2025-05-11T17:17:52.145930
ds002295,anat,2025-05-11T17:17:52.695218
ds002743,anat,2025-05-11T17:17:53.582903
ds002737,"fmap,func",2025-05-11T17:17:54.211042
ds002733,"anat,func",2025-05-11T17:17:55.094931
ds002739,"EEG,anat,func",2025-05-11T17:17:55.911806
ds002726,anat,2025-05-11T17:17:56.451940
ds002735,"anat,func",2025-05-11T17:17:57.079531
ds002731,"anat,func",2025-05-11T17:17:57.607785
ds002809,"anat,func",2025-05-11T17:17:58.206055
ds002790,"anat,dwi,fmap,func",2025-05-11T17:17:58.746538
ds002785,"anat,dwi,func",2025-05-11T17:17:59.420065
ds002844,"anat,ieeg",2025-05-11T17:18:00.016605
ds002837,"anat,func",2025-05-11T17:18:00.568094
ds002868,anat,2025-05-11T17:18:01.194642
ds002870,anat,2025-05-11T17:18:02.101342
ds002848,"anat,func",2025-05-11T17:18:02.924860
ds002842,"anat,fmap,func",2025-05-11T17:18:03.448886
ds002841,"anat,func",2025-05-11T17:18:03.927457
ds001619,"anat,fmap,func",2025-05-11T17:18:04.519320
ds002873,func,2025-05-11T17:18:05.089605
ds001348,"anat,func",2025-05-11T17:18:05.621329
ds002886,"anat,func",2025-05-11T17:18:06.217208
ds002879,"anat,func",2025-05-11T17:18:07.047986
ds002872,"anat,fmap,func",2025-05-11T17:18:07.768181
ds002766,"fmap,func",2025-05-11T17:18:08.379140
ds002894,"anat,func",2025-05-11T17:18:09.195158
ds002896,"anat,func",2025-05-11T17:18:09.722140
ds002898,"anat,fmap,func,pet",2025-05-11T17:18:10.245558
ds002862,anat,2025-05-11T17:18:10.820749
ds002912,anat,2025-05-11T17:18:11.622036
ds002885,meg,2025-05-11T17:18:12.302568
ds002939,anat,2025-05-11T17:18:12.911757
ds002938,"anat,fmap,func",2025-05-11T17:18:13.450487
ds002940,"anat,func",2025-05-11T17:18:13.969836
ds002941,"anat,func",2025-05-11T17:18:14.829854
ds002982,anat,2025-05-11T17:18:15.358466
ds002893,eeg,2025-05-11T17:18:15.921530
ds002995,"anat,fmap,func",2025-05-11T17:18:16.512034
ds003004,eeg,2025-05-11T17:18:17.376759
ds003005,"anat,func",2025-05-11T17:18:17.870986
ds003007,func,2025-05-11T17:18:18.445892
ds002748,"anat,func",2025-05-11T17:18:19.500558
ds002799,"anat,func,ieeg",2025-05-11T17:18:20.101492
ds003008,"anat,func",2025-05-11T17:18:20.936385
ds001832,anat,2025-05-11T17:18:21.559394
ds003017,"anat,fmap,func",2025-05-11T17:18:22.507124
ds003012,"anat,fmap,func",2025-05-11T17:18:23.061340
ds002351,"anat,func",2025-05-11T17:18:23.676859
ds002994,"anat,fmap,func",2025-05-11T17:18:24.270913
ds002791,eeg,2025-05-11T17:18:24.832737
ds002833,eeg,2025-05-11T17:18:25.658573
ds003023,"anat,fmap,func",2025-05-11T17:18:26.482561
ds002905,"anat,func",2025-05-11T17:18:27.087733
ds002990,"anat,func",2025-05-11T17:18:27.651475
ds001747,"anat,func",2025-05-11T17:18:28.240093
ds003059,"anat,func",2025-05-11T17:18:28.822849
ds003047,"anat,dwi",2025-05-11T17:18:29.645546
ds000149,"anat,func",2025-05-11T17:18:30.438060
ds001415,"anat,fmap,func",2025-05-11T17:18:31.021647
ds003027,"anat,dwi",2025-05-11T17:18:31.622542
ds003076,"anat,func",2025-05-11T17:18:32.496897
ds003028,"anat,func",2025-05-11T17:18:33.059839
ds002936,anat,2025-05-11T17:18:33.639980
ds003037,"anat,fmap,func",2025-05-11T17:18:34.482735
ds003078,"anat,ieeg",2025-05-11T17:18:35.354066
ds003089,"anat,func",2025-05-11T17:18:35.885717
ds003098,anat,2025-05-11T17:18:36.430932
ds003103,"anat,func",2025-05-11T17:18:36.972287
ds003104,"anat,meg",2025-05-11T17:18:37.514165
ds003090,func,2025-05-11T17:18:38.060587
ds003085,"anat,fmap,func",2025-05-11T17:18:38.919700
ds003083,"anat,func",2025-05-11T17:18:39.503273
ds003151,"anat,func,perf",2025-05-11T17:18:40.080077
ds003145,"anat,fmap,func",2025-05-11T17:18:40.900891
ds003126,anat,2025-05-11T17:18:41.529611
ds003114,"anat,func",2025-05-11T17:18:42.652711
ds003148,"anat,func",2025-05-11T17:18:43.184506
ds003146,"anat,func",2025-05-11T17:18:43.722472
ds003136,"anat,fmap,func",2025-05-11T17:18:44.282985
ds002878,"anat,fmap,func",2025-05-11T17:18:45.118823
ds003095,"anat,func",2025-05-11T17:18:45.995310
ds003190,eeg,2025-05-11T17:18:46.684805
ds003216,"anat,func",2025-05-11T17:18:47.503155
ds003171,"anat,dwi,func",2025-05-11T17:18:48.371842
ds003233,"anat,func",2025-05-11T17:18:48.970229
ds003242,".ipynb_checkpoints,anat,fmap,func",2025-05-11T17:18:49.803125
ds003195,eeg,2025-05-11T17:18:50.413966
ds003194,eeg,2025-05-11T17:18:51.305625
ds003325,anat,2025-05-11T17:18:52.137827
ds003170,"anat,fmap,func",2025-05-11T17:18:52.663885
ds003342,"anat,func",2025-05-11T17:18:53.218755
ds003340,"anat,fmap,func",2025-05-11T17:18:53.991041
ds003345,"anat,func",2025-05-11T17:18:54.794335
ds003346,"anat,fmap,func",2025-05-11T17:18:55.403299
ds003338,"anat,func",2025-05-11T17:18:56.026526
ds003367,,2025-05-11T17:18:57.097542
ds003374,ieeg,2025-05-11T17:18:57.369971
ds003343,eeg,2025-05-11T17:18:58.551061
ds003380,eeg,2025-05-11T17:18:59.375826
ds003061,eeg,2025-05-11T17:18:59.909829
ds003082,"anat,meg",2025-05-11T17:19:00.486645
ds001839,"anat,func",2025-05-11T17:19:01.298672
ds001838,"anat,func",2025-05-11T17:19:01.855033
ds001796,"anat,dwi,fmap,func",2025-05-11T17:19:02.804034
ds002169,"anat,fmap,func",2025-05-11T17:19:03.386635
ds001847,"anat,func",2025-05-11T17:19:03.972822
ds002382,"anat,func",2025-05-11T17:19:04.586205
ds002134,"anat,func",2025-05-11T17:19:05.184262
ds003029,ieeg,2025-05-11T17:19:06.044407
ds003097,"anat,dwi,func",2025-05-11T17:19:06.917869
ds002241,"anat,func",2025-05-11T17:19:07.594588
ds003416,"anat,dwi",2025-05-11T17:19:08.178851
ds003417,anat,2025-05-11T17:19:09.095458
ds001751,"anat,fmap,func",2025-05-11T17:19:09.957667
ds001814,"anat,func",2025-05-11T17:19:10.520236
ds002647,"anat,func",2025-05-11T17:19:11.117622
ds002602,"anat,dwi,fmap,func",2025-05-11T17:19:11.732962
ds002672,"anat,func",2025-05-11T17:19:12.354828
ds002634,"anat,beh,dwi,fmap,func",2025-05-11T17:19:13.204537
ds002674,"anat,fmap,func",2025-05-11T17:19:13.733659
ds001780,anat,2025-05-11T17:19:14.618642
ds002608,"anat,func",2025-05-11T17:19:15.255203
ds002158,"anat,eeg,fmap,func",2025-05-11T17:19:15.825303
ds003392,"anat,meg",2025-05-11T17:19:16.791531
ds003420,eeg,2025-05-11T17:19:17.346721
ds003421,eeg,2025-05-11T17:19:18.129615
ds003192,"anat,fmap,func",2025-05-11T17:19:19.017614
ds002116,"anat,func",2025-05-11T17:19:19.918717
ds003424,"anat,dwi,fmap,func",2025-05-11T17:19:20.842786
ds002813,"anat,func",2025-05-11T17:19:21.385230
ds003433,"anat,func",2025-05-11T17:19:22.011786
ds003434,"anat,func",2025-05-11T17:19:22.933777
ds003438,"anat,func",2025-05-11T17:19:23.740032
ds003439,"anat,func",2025-05-11T17:19:24.583258
ds003440,"anat,func",2025-05-11T17:19:25.431159
ds003441,"anat,func",2025-05-11T17:19:26.243586
ds003443,"anat,func",2025-05-11T17:19:27.106022
ds003442,"anat,func",2025-05-11T17:19:27.931184
ds003444,"anat,func",2025-05-11T17:19:28.787305
ds003445,"anat,func",2025-05-11T17:19:29.594954
ds003446,"anat,func",2025-05-11T17:19:30.441226
ds003452,"anat,fmap,func",2025-05-11T17:19:31.313292
ds003430,anat,2025-05-11T17:19:32.147615
ds003454,func,2025-05-11T17:19:33.005259
ds003437,"anat,fmap,func",2025-05-11T17:19:33.531811
ds003455,"fmap,func",2025-05-11T17:19:34.413503
ds003453,"anat,fmap,func",2025-05-11T17:19:35.199179
ds003458,eeg,2025-05-11T17:19:36.054301
ds003459,"anat,func",2025-05-11T17:19:36.645442
ds003463,anat,2025-05-11T17:19:37.188905
ds003464,"anat,func",2025-05-11T17:19:38.004763
ds003470,"anat,func",2025-05-11T17:19:38.873777
ds003478,eeg,2025-05-11T17:19:39.766852
ds003466,"anat,func",2025-05-11T17:19:40.354420
ds003481,"anat,func",2025-05-11T17:19:41.186149
ds003483,meg,2025-05-11T17:19:41.794635
ds003490,eeg,2025-05-11T17:19:42.692080
ds003465,"anat,fmap,func",2025-05-11T17:19:43.567119
ds003495,"anat,dwi,func",2025-05-11T17:19:44.405219
ds002835,"anat,fmap,func",2025-05-11T17:19:45.265458
ds003506,eeg,2025-05-11T17:19:45.830012
ds003474,eeg,2025-05-11T17:19:46.676135
ds003507,"anat,fmap,func",2025-05-11T17:19:47.298048
ds003509,eeg,2025-05-11T17:19:47.863972
ds003516,eeg,2025-05-11T17:19:48.686073
ds003468,"anat,func",2025-05-11T17:19:49.232214
ds003517,eeg,2025-05-11T17:19:50.054622
ds003518,eeg,2025-05-11T17:19:50.586588
ds003469,"anat,fmap,func",2025-05-11T17:19:51.460350
ds003519,eeg,2025-05-11T17:19:52.096038
ds003521,"anat,func",2025-05-11T17:19:52.966237
ds003522,eeg,2025-05-11T17:19:53.575415
ds003523,eeg,2025-05-11T17:19:54.413143
ds003524,"anat,func",2025-05-11T17:19:55.225576
ds003542,"anat,func",2025-05-11T17:19:55.855548
ds003545,"anat,func",2025-05-11T17:19:56.485112
ds003540,"anat,func",2025-05-11T17:19:57.299531
ds003520,"anat,func",2025-05-11T17:19:57.913623
ds003548,"anat,func",2025-05-11T17:19:58.779227
ds003500,"anat,func",2025-05-11T17:19:59.391536
ds001785,eeg,2025-05-11T17:19:59.987981
ds003552,"eeg,motion",2025-05-11T17:20:00.827020
ds003436,"anat,fmap,func",2025-05-11T17:20:01.390405
ds003382,"anat,dixon,fmap,func,pet,ute",2025-05-11T17:20:01.982604
ds003555,eeg,2025-05-11T17:20:02.530044
ds003511,"anat,func",2025-05-11T17:20:03.351340
ds003498,ieeg,2025-05-11T17:20:04.172679
ds003505,"anat,dwi,eeg",2025-05-11T17:20:05.014009
ds003563,anat,2025-05-11T17:20:05.585553
ds003565,eeg,2025-05-11T17:20:06.433770
ds003011,"anat,dwi,func",2025-05-11T17:20:06.990694
ds003568,"anat,meg",2025-05-11T17:20:07.863635
ds003569,"anat,func",2025-05-11T17:20:08.431189
ds003570,eeg,2025-05-11T17:20:09.030302
ds002424,"anat,func",2025-05-11T17:20:09.557899
ds003574,"anat,eeg,func",2025-05-11T17:20:10.482460
ds003590,anat,2025-05-11T17:20:11.003645
ds002814,eeg,2025-05-11T17:20:11.796728
ds000204,anat,2025-05-11T17:20:12.578867
ds002425,"anat,func",2025-05-11T17:20:13.406841
ds000232,"anat,func",2025-05-11T17:20:14.459378
ds002385,"anat,pet",2025-05-11T17:20:15.327748
ds002675,"anat,func",2025-05-11T17:20:16.275033
ds002684,anat,2025-05-11T17:20:16.743380
ds002761,meg,2025-05-11T17:20:17.628233
ds003176,"anat,fmap,func",2025-05-11T17:20:18.194049
ds003352,meg,2025-05-11T17:20:19.057701
ds003357,"anat,func",2025-05-11T17:20:19.919174
ds003381,"anat,func",2025-05-11T17:20:20.768349
ds003396,,2025-05-11T17:20:21.576464
ds003427,"anat,fmap,func",2025-05-11T17:20:21.856681
ds003484,anat,2025-05-11T17:20:22.398464
ds003508,"anat,dwi",2025-05-11T17:20:22.967496
ds002603,"anat,fmap,func",2025-05-11T17:20:23.537158
ds002606,"anat,func",2025-05-11T17:20:24.119292
ds002908,meg,2025-05-11T17:20:24.967831
ds003043,"anat,fmap,func",2025-05-11T17:20:25.847237
ds003096,"anat,func",2025-05-11T17:20:26.670728
ds001371,"anat,fmap,func",2025-05-11T17:20:27.247819
ds001848,"anat,func",2025-05-11T17:20:27.879119
ds001942,"anat,dwi,fmap,func",2025-05-11T17:20:28.790312
ds002144,"anat,func",2025-05-11T17:20:29.665590
ds002185,"anat,dwi,func",2025-05-11T17:20:30.191402
ds002550,"behavdata,hpi,meg",2025-05-11T17:20:30.777708
ds002738,"anat,fmap,func",2025-05-11T17:20:31.662628
ds002741,"anat,func",2025-05-11T17:20:32.230821
ds003052,anat,2025-05-11T17:20:33.121899
ds003599,dwi,2025-05-11T17:20:33.684338
ds003606,"anat,func",2025-05-11T17:20:34.269131
ds003612,"anat,fmap,func",2025-05-11T17:20:34.842819
ds003626,eeg,2025-05-11T17:20:35.698253
ds003094,"anat,func",2025-05-11T17:20:36.964344
ds003620,eeg,2025-05-11T17:20:37.528663
ds003604,"anat,func",2025-05-11T17:20:38.096370
ds001161,"anat,func",2025-05-11T17:20:38.982819
ds003642,anat,2025-05-11T17:20:39.555841
ds003639,anat,2025-05-11T17:20:40.416069
ds003487,beh,2025-05-11T17:20:41.290047
ds003647,"anat,func",2025-05-11T17:20:42.183262
ds002843,"anat,fmap,func",2025-05-11T17:20:43.038582
ds003633,"anat,meg",2025-05-11T17:20:43.945906
ds003655,eeg,2025-05-11T17:20:44.781087
ds003645,"anat,beh,eeg,meg",2025-05-11T17:20:45.421901
ds003669,"anat,fmap,func",2025-05-11T17:20:46.063084
ds003643,"anat,func",2025-05-11T17:20:46.687054
ds003682,"beh,meg,stim",2025-05-11T17:20:47.318859
ds003419,anat,2025-05-11T17:20:48.237217
ds003690,eeg,2025-05-11T17:20:49.166575
ds003688,ieeg,2025-05-11T17:20:49.767556
ds003702,eeg,2025-05-11T17:20:50.677070
ds003701,"anat,fmap,func",2025-05-11T17:20:51.223177
ds003703,meg,2025-05-11T17:20:52.105183
ds003708,ieeg,2025-05-11T17:20:52.695144
ds003707,"anat,fmap,func",2025-05-11T17:20:53.582085
ds003709,"anat,fmap,func",2025-05-11T17:20:54.193942
ds003714,"anat,fmap,func",2025-05-11T17:20:55.047212
ds003653,"anat,fmap",2025-05-11T17:20:55.587919
ds003711,"anat,func",2025-05-11T17:20:56.427651
ds003670,eeg,2025-05-11T17:20:56.960039
ds003710,eeg,2025-05-11T17:20:57.801058
ds003716,anat,2025-05-11T17:20:58.684276
ds003694,meg,2025-05-11T17:20:59.238819
ds003722,eeg,2025-05-11T17:20:59.806003
ds003553,"anat,func",2025-05-11T17:21:00.408811
ds003554,"anat,func",2025-05-11T17:21:00.964435
ds003550,"anat,func",2025-05-11T17:21:01.532147
ds003739,eeg,2025-05-11T17:21:02.147761
ds003745,"anat,fmap,func",2025-05-11T17:21:02.964273
ds003752,"fmap,func",2025-05-11T17:21:03.592696
ds003661,anat,2025-05-11T17:21:04.432417
ds003646,func,2025-05-11T17:21:05.270453
ds003751,"beh,eeg",2025-05-11T17:21:05.849752
ds003397,"anat,dixon,fmap,func,pet,ute",2025-05-11T17:21:06.454928
ds003764,"anat,func",2025-05-11T17:21:07.013209
ds003720,"anat,func",2025-05-11T17:21:07.958612
ds003763,"anat,func",2025-05-11T17:21:08.527176
ds003721,"anat,func",2025-05-11T17:21:09.156134
ds003768,"anat,eeg,func",2025-05-11T17:21:09.794977
ds003758,"anat,fmap,func",2025-05-11T17:21:10.393205
ds003766,"beh,eeg",2025-05-11T17:21:10.960195
ds003770,"anat,func",2025-05-11T17:21:11.589954
ds003772,"anat,fmap,func",2025-05-11T17:21:12.484834
ds003673,"anat,func",2025-05-11T17:21:13.031786
ds003499,"anat,fmap,func",2025-05-11T17:21:13.657411
ds003774,eeg,2025-05-11T17:21:14.303983
ds003775,eeg,2025-05-11T17:21:15.144591
ds003826,anat,2025-05-11T17:21:15.987055
ds003821,anat,2025-05-11T17:21:16.593310
ds003777,"anat,func",2025-05-11T17:21:17.542784
ds003787,anat,2025-05-11T17:21:18.273935
ds003778,"anat,func",2025-05-11T17:21:19.122664
ds003782,"anat,func",2025-05-11T17:21:19.683205
ds003791,"anat,func",2025-05-11T17:21:20.206620
ds003799,anat,2025-05-11T17:21:20.812440
ds003816,eeg,2025-05-11T17:21:21.678563
ds003812,"fmap,func",2025-05-11T17:21:22.564489
ds003810,eeg,2025-05-11T17:21:23.416099
ds003800,eeg,2025-05-11T17:21:23.969569
ds003830,"anat,func",2025-05-11T17:21:24.529029
ds003844,ieeg,2025-05-11T17:21:25.092364
ds003822,eeg,2025-05-11T17:21:25.945993
ds003825,eeg,2025-05-11T17:21:26.545433
ds003846,"eeg,motion",2025-05-11T17:21:27.109719
ds003805,eeg,2025-05-11T17:21:27.893114
ds003849,"anat,func",2025-05-11T17:21:28.443893
ds003850,func,2025-05-11T17:21:29.284823
ds003858,"anat,func",2025-05-11T17:21:30.112196
ds003838,"beh,ecg,pupil",2025-05-11T17:21:30.634462
ds003425,"anat,func",2025-05-11T17:21:31.230768
ds003974,"anat,dwi,fmap,func",2025-05-11T17:21:32.023789
ds003989,anat,2025-05-11T17:21:32.588890
ds003990,"anat,func",2025-05-11T17:21:33.404822
ds003798,"anat,fmap,func",2025-05-11T17:21:34.228617
ds003592,"anat,func",2025-05-11T17:21:35.211419
ds003949,anat,2025-05-11T17:21:36.133374
ds004000,eeg,2025-05-11T17:21:37.120440
ds004007,"anat,func",2025-05-11T17:21:37.671375
ds004006,"anat,func",2025-05-11T17:21:38.274077
ds003947,eeg,2025-05-11T17:21:38.923293
ds003944,eeg,2025-05-11T17:21:39.565000
ds004009,"anat,fmap,func",2025-05-11T17:21:40.097742
ds004010,eeg,2025-05-11T17:21:40.657939
ds003020,"anat,func",2025-05-11T17:21:41.215324
ds003987,eeg,2025-05-11T17:21:42.150733
ds003967,anat,2025-05-11T17:21:43.057949
ds003972,"anat,fmap,func",2025-05-11T17:21:43.956196
ds003950,"anat,func",2025-05-11T17:21:44.519189
ds003969,eeg,2025-05-11T17:21:45.074173
ds003959,dwi,2025-05-11T17:21:45.620415
ds004011,meg,2025-05-11T17:21:46.442750
ds003988,"anat,dwi,fmap,func",2025-05-11T17:21:47.022200
ds004018,eeg,2025-05-11T17:21:47.632859
ds004019,eeg,2025-05-11T17:21:48.246990
ds004024,eeg,2025-05-11T17:21:48.832695
ds004022,"eeg,fnirs",2025-05-11T17:21:49.660269
ds004038,anat,2025-05-11T17:21:50.214172
ds004040,eeg,2025-05-11T17:21:50.754669
ds004043,eeg,2025-05-11T17:21:51.583495
ds003965,"anat,fmap,func",2025-05-11T17:21:52.114715
ds003831,"anat,func",2025-05-11T17:21:53.089093
ds004044,"anat,fmap,func",2025-05-11T17:21:53.922983
ds004056,"anat,fmap,func",2025-05-11T17:21:54.766792
ds003993,"anat,func",2025-05-11T17:21:55.623049
ds004067,eeg,2025-05-11T17:21:56.518445
ds004021,"anat,func",2025-05-11T17:21:57.034340
ds004075,eeg,2025-05-11T17:21:58.661659
ds004015,eeg,2025-05-11T17:21:59.254414
ds004092,"anat,func",2025-05-11T17:21:59.912950
ds004073,"anat,fmap,func",2025-05-11T17:22:00.814715
ds003401,"anat,func",2025-05-11T17:22:01.445247
ds004091,"fmap,func",2025-05-11T17:22:02.156713
ds003717,"anat,func",2025-05-11T17:22:03.051291
ds004042,"anat,fmap,func",2025-05-11T17:22:03.615633
ds003929,"anat,func",2025-05-11T17:22:04.226974
ds004078,"anat,dwi,func,meg",2025-05-11T17:22:05.068091
ds003696,func,2025-05-11T17:22:05.664705
ds004033,eeg,2025-05-11T17:22:06.511089
ds004101,"anat,func",2025-05-11T17:22:07.346700
ds004102,"anat,fmap,func",2025-05-11T17:22:08.204080
ds004097,"anat,dwi,fmap,func",2025-05-11T17:22:09.059458
ds004107,meg,2025-05-11T17:22:10.202000
ds004109,"anat,fmap,func",2025-05-11T17:22:11.097601
ds004116,"anat,func",2025-05-11T17:22:11.669568
ds004114,"anat,func",2025-05-11T17:22:12.259313
ds003823,beh,2025-05-11T17:22:13.263244
ds004106,eeg,2025-05-11T17:22:14.423801
ds003922,"anat,meg",2025-05-11T17:22:15.269247
ds004121,eeg,2025-05-11T17:22:16.156921
ds004123,eeg,2025-05-11T17:22:17.013407
ds004122,eeg,2025-05-11T17:22:17.969070
ds004120,eeg,2025-05-11T17:22:18.781695
ds004119,eeg,2025-05-11T17:22:19.642005
ds004118,eeg,2025-05-11T17:22:20.566407
ds004105,eeg,2025-05-11T17:22:21.442480
ds004086,"anat,fmap,func",2025-05-11T17:22:22.330987
ds003039,eeg,2025-05-11T17:22:22.924158
ds004094,"anat,beh,fmap,func",2025-05-11T17:22:23.477449
ds003404,"anat,fmap,func",2025-05-11T17:22:24.038899
ds001379,"anat,fmap,func",2025-05-11T17:22:24.577855
ds004128,"anat,func",2025-05-11T17:22:25.464046
ds004103,"anat,func",2025-05-11T17:22:26.047251
ds004134,"anat,func",2025-05-11T17:22:26.606296
ds004141,"anat,func",2025-05-11T17:22:27.532301
ds004146,"anat,dwi,func,perf,swi",2025-05-11T17:22:28.457713
ds004129,phenotype,2025-05-11T17:22:29.490353
ds004144,"anat,func",2025-05-11T17:22:30.367367
ds004147,"beh,eeg",2025-05-11T17:22:30.893260
ds004131,anat,2025-05-11T17:22:31.500122
ds004130,anat,2025-05-11T17:22:32.030396
ds004148,eeg,2025-05-11T17:22:32.595699
ds004142,"anat,func",2025-05-11T17:22:33.443744
ds004152,"beh,eeg",2025-05-11T17:22:34.315480
ds004151,eeg,2025-05-11T17:22:34.906316
ds004158,"anat,fmap,func",2025-05-11T17:22:35.466470
ds004161,"anat,dwi,func",2025-05-11T17:22:36.318954
ds003848,"anat,ieeg",2025-05-11T17:22:37.120795
ds004117,eeg,2025-05-11T17:22:38.039597
ds004166,eeg,2025-05-11T17:22:38.883916
ds004169,"anat,func",2025-05-11T17:22:39.716255
ds004068,"anat,fmap,func",2025-05-11T17:22:40.784924
ds003999,"anat,func",2025-05-11T17:22:41.382250
ds004065,"anat,func",2025-05-11T17:22:42.274738
ds004187,anat,2025-05-11T17:22:42.901080
ds004194,anat,2025-05-11T17:22:43.778248
ds003789,"anat,func",2025-05-11T17:22:44.630378
ds004200,"beh,eeg",2025-05-11T17:22:45.213875
ds004186,eeg,2025-05-11T17:22:45.753650
ds004217,"anat,fmap,func",2025-05-11T17:22:46.596695
ds004219,"anat,func",2025-05-11T17:22:47.220906
ds004226,"anat,fmap,func",2025-05-11T17:22:48.110820
ds003354,"anat,fmap,func",2025-05-11T17:22:48.693164
ds003602,eeg,2025-05-11T17:22:49.300077
ds004228,"anat,func",2025-05-11T17:22:49.965962
ds004229,meg,2025-05-11T17:22:50.843183
ds004230,"anat,pet",2025-05-11T17:22:51.408353
ds003876,ieeg,2025-05-11T17:22:52.340032
ds004215,,2025-05-11T17:22:53.262684
ds004081,"anat,fmap,func",2025-05-11T17:22:53.536078
ds002643,"anat,fmap,func",2025-05-11T17:22:54.110158
ds004252,eeg,2025-05-11T17:22:54.699130
ds004145,anat,2025-05-11T17:22:55.253182
ds004254,anat,2025-05-11T17:22:56.391516
ds004127,ieeg,2025-05-11T17:22:57.286421
ds003836,"anat,func",2025-05-11T17:22:57.875848
ds004259,"anat,fmap,func",2025-05-11T17:22:58.456637
ds004256,"beh,eeg",2025-05-11T17:22:59.102538
ds004262,"beh,eeg",2025-05-11T17:22:59.727246
ds004264,"beh,eeg",2025-05-11T17:23:00.403994
ds004265,"anat,func",2025-05-11T17:23:01.161722
ds002989,"anat,func",2025-05-11T17:23:01.742111
ds004100,ieeg,2025-05-11T17:23:02.355555
ds004278,meg,2025-05-11T17:23:03.177355
ds004280,"anat,func",2025-05-11T17:23:03.731072
ds004283,"anat,fmap,func",2025-05-11T17:23:04.348353
ds004173,anat,2025-05-11T17:23:05.214967
ds004276,"beh,meg",2025-05-11T17:23:05.841612
ds004213,"anat,func",2025-05-11T17:23:06.431314
ds003659,func,2025-05-11T17:23:07.267947
ds004295,eeg,2025-05-11T17:23:08.163381
ds004301,"anat,func",2025-05-11T17:23:08.691593
ds004299,"anat,dwi,fmap,func",2025-05-11T17:23:09.248267
ds003638,eeg,2025-05-11T17:23:10.195319
ds003753,eeg,2025-05-11T17:23:10.805839
ds003801,eeg,2025-05-11T17:23:11.333635
ds003885,eeg,2025-05-11T17:23:11.998618
ds003887,eeg,2025-05-11T17:23:12.594076
ds004315,eeg,2025-05-11T17:23:13.183969
ds004317,eeg,2025-05-11T17:23:13.820139
ds004302,"anat,func",2025-05-11T17:23:14.409346
ds004286,"anat,beh,func",2025-05-11T17:23:15.112328
ds004330,meg,2025-05-11T17:23:15.958739
ds004331,"anat,func",2025-05-11T17:23:16.771318
ds004332,anat,2025-05-11T17:23:17.633210
ds004339,anat,2025-05-11T17:23:18.175912
ds004347,eeg,2025-05-11T17:23:18.734688
ds004346,"anat,meg",2025-05-11T17:23:19.318486
ds004348,eeg,2025-05-11T17:23:20.167755
ds004349,"anat,func",2025-05-11T17:23:21.039236
ds004350,eeg,2025-05-11T17:23:21.605442
ds004359,"anat,fmap,func",2025-05-11T17:23:22.451080
ds004356,eeg,2025-05-11T17:23:23.001544
ds002979,"anat,fmap,func",2025-05-11T17:23:23.571138
ds004367,eeg,2025-05-11T17:23:24.131382
ds004368,eeg,2025-05-11T17:23:24.721002
ds004362,eeg,2025-05-11T17:23:25.605108
ds004192,"anat,fmap,func",2025-05-11T17:23:26.214315
ds004212,meg,2025-05-11T17:23:27.108166
ds004285,"anat,func",2025-05-11T17:23:27.979998
ds004401,"anat,pet",2025-05-11T17:23:28.563620
ds004393,"anat,func",2025-05-11T17:23:29.166050
ds004392,"anat,func",2025-05-11T17:23:29.740005
ds004400,"anat,func",2025-05-11T17:23:30.598783
ds004408,eeg,2025-05-11T17:23:31.167088
ds004398,meg,2025-05-11T17:23:31.870053
ds004440,"anat,func",2025-05-11T17:23:32.449703
ds004306,eeg,2025-05-11T17:23:33.352832
ds004441,"anat,dwi",2025-05-11T17:23:34.332768
ds004444,eeg,2025-05-11T17:23:36.430711
ds004446,eeg,2025-05-11T17:23:37.335317
ds004447,eeg,2025-05-11T17:23:38.180225
ds004448,eeg,2025-05-11T17:23:39.083239
ds004443,"anat,fmap,func",2025-05-11T17:23:39.987041
ds004455,"anat,func",2025-05-11T17:23:40.847377
ds004406,"anat,fmap,func",2025-05-11T17:23:41.584711
ds004456,"anat,fmap,func",2025-05-11T17:23:42.440694
ds004458,func,2025-05-11T17:23:43.443930
ds004460,"eeg,motion",2025-05-11T17:23:44.027331
ds004369,eeg,2025-05-11T17:23:44.942780
ds004466,"anat,fmap,func",2025-05-11T17:23:45.518556
ds004470,anat,2025-05-11T17:23:46.086976
ds004471,anat,2025-05-11T17:23:46.649544
ds004473,"anat,beh,ieeg",2025-05-11T17:23:47.198284
ds004477,eeg,2025-05-11T17:23:47.958567
ds004489,"anat,fmap,func",2025-05-11T17:23:48.517638
ds004199,anat,2025-05-11T17:23:49.437693
ds004498,func,2025-05-11T17:23:50.067704
ds004502,eeg,2025-05-11T17:23:50.871915
ds004504,eeg,2025-05-11T17:23:51.475606
ds004312,"anat,fmap,func",2025-05-11T17:23:52.054377
ds004450,"anat,fmap,func",2025-05-11T17:23:53.024483
ds004496,anat,2025-05-11T17:23:53.983714
ds004509,"anat,func",2025-05-11T17:23:54.895711
ds004510,func,2025-05-11T17:23:55.730133
ds004080,ieeg,2025-05-11T17:23:56.597314
ds004511,"beh,eeg",2025-05-11T17:23:57.447909
ds004493,"anat,func",2025-05-11T17:23:58.349265
ds004484,"anat,func",2025-05-11T17:23:58.910188
ds004478,"anat,func",2025-05-11T17:23:59.513896
ds004519,eeg,2025-05-11T17:24:00.074972
ds004488,"anat,fmap,func",2025-05-11T17:24:00.614449
ds004520,eeg,2025-05-11T17:24:01.779773
ds004516,"anat,func",2025-05-11T17:24:02.355152
ds004521,eeg,2025-05-11T17:24:03.019956
ds004507,anat,2025-05-11T17:24:03.644980
ds004360,"anat,fmap,func",2025-05-11T17:24:04.558883
ds004529,"anat,func",2025-05-11T17:24:05.459164
ds004513,"anat,dwi,func,pet",2025-05-11T17:24:05.987842
ds004532,eeg,2025-05-11T17:24:06.901145
ds004017,eeg,2025-05-11T17:24:07.788931
ds004539,func,2025-05-11T17:24:08.729065
ds004261,"fmap,func",2025-05-11T17:24:09.704296
ds003691,"anat,fmap,func",2025-05-11T17:24:10.610275
ds004505,"anat,eeg",2025-05-11T17:24:11.464688
ds004544,"anat,func",2025-05-11T17:24:12.053525
ds004381,eeg,2025-05-11T17:24:12.605112
ds004465,"anat,func",2025-05-11T17:24:13.579344
ds004551,ieeg,2025-05-11T17:24:14.439874
ds004552,anat,2025-05-11T17:24:15.233257
ds004271,"fmap,func",2025-05-11T17:24:16.085509
ds004553,"anat,fmap,func",2025-05-11T17:24:16.966820
ds004554,eeg,2025-05-11T17:24:17.559248
ds004556,"anat,func",2025-05-11T17:24:18.157843
ds004557,"anat,func",2025-05-11T17:24:18.748733
ds004357,eeg,2025-05-11T17:24:19.702574
ds004560,anat,2025-05-11T17:24:20.337996
ds004196,"anat,fmap,func",2025-05-11T17:24:21.214265
ds004386,"anat,func",2025-05-11T17:24:22.174940
ds004561,eeg,2025-05-11T17:24:22.722820
ds004564,"anat,func",2025-05-11T17:24:23.324109
ds004457,ieeg,2025-05-11T17:24:23.893374
ds004574,"beh,eeg",2025-05-11T17:24:24.767135
ds004572,eeg,2025-05-11T17:24:25.357566
ds004577,eeg,2025-05-11T17:24:26.225251
ds004579,eeg,2025-05-11T17:24:27.155275
ds004580,"beh,eeg",2025-05-11T17:24:27.744351
ds004395,"beh,eeg",2025-05-11T17:24:28.343287
ds004588,"eeg,eye_tracker",2025-05-11T17:24:29.348925
ds004590,"anat,fmap,func",2025-05-11T17:24:29.989631
ds004584,eeg,2025-05-11T17:24:30.828125
ds004515,eeg,2025-05-11T17:24:31.366629
ds004603,"beh,eeg",2025-05-11T17:24:31.934178
ds004597,"anat,fmap,func",2025-05-11T17:24:32.572361
ds004284,eeg,2025-05-11T17:24:33.250933
ds004305,"anat,dwi,fmap",2025-05-11T17:24:33.807350
ds004592,"anat,func",2025-05-11T17:24:34.343247
ds004620,anat,2025-05-11T17:24:35.286232
ds004624,ieeg,2025-05-11T17:24:36.112668
ds004563,eeg,2025-05-11T17:24:37.001100
ds004598,eeg,2025-05-11T17:24:37.872288
ds004483,meg,2025-05-11T17:24:38.994822
ds004482,"anat,fmap,func",2025-05-11T17:24:39.572173
ds004627,"anat,fmap,func",2025-05-11T17:24:40.184989
ds004631,"anat,func",2025-05-11T17:24:41.060785
ds004327,"anat,fmap,func",2025-05-11T17:24:41.632448
ds004632,"anat,dwi",2025-05-11T17:24:42.195303
ds004635,eeg,2025-05-11T17:24:43.079097
ds004640,dwi,2025-05-11T17:24:43.701783
ds004616,"anat,func",2025-05-11T17:24:44.337255
ds004644,anat,2025-05-11T17:24:45.191625
ds004645,"anat,func",2025-05-11T17:24:46.023150
ds004602,eeg,2025-05-11T17:24:46.588235
ds004647,"anat,func",2025-05-11T17:24:47.259968
ds004595,eeg,2025-05-11T17:24:48.138348
ds004642,ieeg,2025-05-11T17:24:48.910329
ds004650,anat,2025-05-11T17:24:49.782558
ds004648,"anat,func",2025-05-11T17:24:50.637500
ds004475,"anat,eeg,headmodel",2025-05-11T17:24:51.252410
ds004341,"anat,fmap,func",2025-05-11T17:24:51.851387
ds004279,eeg,2025-05-11T17:24:52.395639
ds004656,"anat,func",2025-05-11T17:24:53.299534
ds004657,eeg,2025-05-11T17:24:54.123050
ds004660,eeg,2025-05-11T17:24:55.058087
ds004661,eeg,2025-05-11T17:24:55.685180
ds004662,"anat,func",2025-05-11T17:24:56.460267
ds004626,eeg,2025-05-11T17:24:57.003613
ds004604,"anat,func",2025-05-11T17:24:57.594879
ds004533,"anat,func",2025-05-11T17:24:58.283026
ds004692,"anat,fmap,func",2025-05-11T17:24:58.852136
ds004698,"anat,fmap,func",2025-05-11T17:24:59.496809
ds004693,"anat,func",2025-05-11T17:25:00.351577
ds004696,ieeg,2025-05-11T17:25:00.946934
ds004697,"anat,fmap,func",2025-05-11T17:25:01.852308
ds004589,"anat,func",2025-05-11T17:25:02.701834
ds004663,"anat,fmap,func",2025-05-11T17:25:03.333857
ds004703,"anat,ieeg",2025-05-11T17:25:03.954159
ds004711,"anat,func",2025-05-11T17:25:04.810835
ds004706,"beh,eeg",2025-05-11T17:25:05.470824
ds004469,"anat,func",2025-05-11T17:25:06.341557
ds004717,"anat,apt,asl,dwi",2025-05-11T17:25:06.982830
ds004720,"anat,func",2025-05-11T17:25:07.570333
ds004738,meg,2025-05-11T17:25:08.237770
ds004742,dwi,2025-05-11T17:25:09.105726
ds004744,dwi,2025-05-11T17:25:09.714405
ds004743,"anat,fmap,func",2025-05-11T17:25:10.307237
ds004725,"anat,func",2025-05-11T17:25:10.881103
ds004745,eeg,2025-05-11T17:25:11.457181
ds004737,"anat,dwi,fmap,func",2025-05-11T17:25:12.018374
ds004562,beh,2025-05-11T17:25:12.933915
ds004752,"eeg,ieeg",2025-05-11T17:25:13.798291
ds004324,eeg,2025-05-11T17:25:14.667282
ds004467,"anat,func",2025-05-11T17:25:15.544247
ds004767,anat,2025-05-11T17:25:16.144089
ds004746,"anat,fmap,func",2025-05-11T17:25:16.672501
ds004594,"anat,func",2025-05-11T17:25:17.667149
ds004670,"anat,func",2025-05-11T17:25:18.252443
ds004770,ieeg,2025-05-11T17:25:19.080376
ds004771,eeg,2025-05-11T17:25:19.973610
ds004775,"anat,func",2025-05-11T17:25:20.549316
ds004710,func,2025-05-11T17:25:21.109690
ds004636,"anat,fmap,func",2025-05-11T17:25:22.071386
ds004776,anat,2025-05-11T17:25:22.999538
ds004785,eeg,2025-05-11T17:25:23.547257
ds004786,"anat,fmap,func",2025-05-11T17:25:24.120646
ds004787,"anat,fmap,func",2025-05-11T17:25:24.713689
ds004789,"beh,ieeg",2025-05-11T17:25:25.672027
ds004621,eeg,2025-05-11T17:25:26.631448
ds004798,"anat,fmap,func",2025-05-11T17:25:27.259485
ds004808,"anat,func",2025-05-11T17:25:28.216440
ds004802,eeg,2025-05-11T17:25:28.848026
ds004809,"beh,ieeg",2025-05-11T17:25:29.549057
ds004542,"anat,fmap,func",2025-05-11T17:25:30.564955
ds004791,"anat,func",2025-05-11T17:25:31.456142
ds004817,eeg,2025-05-11T17:25:32.054996
ds004816,eeg,2025-05-11T17:25:32.622001
ds004819,ieeg,2025-05-11T17:25:33.214165
ds004815,"anat,fmap,func",2025-05-11T17:25:34.176981
ds004814,"anat,fmap,func",2025-05-11T17:25:35.063248
ds004783,"anat,func",2025-05-11T17:25:35.987646
ds004830,nirs,2025-05-11T17:25:36.545477
ds004718,"anat,eeg,func",2025-05-11T17:25:37.145510
ds004835,"anat,func",2025-05-11T17:25:37.744079
ds004829,"anat,fmap,func",2025-05-11T17:25:38.315152
ds004837,"anat,meg",2025-05-11T17:25:38.951040
ds004569,"func,nirs",2025-05-11T17:25:39.784990
ds004274,"anat,func",2025-05-11T17:25:40.672236
ds003138,"anat,dwi,fmap",2025-05-11T17:25:41.538871
ds004715,"anat,func",2025-05-11T17:25:42.376123
ds004712,"anat,dwi,fmap,func,swi",2025-05-11T17:25:43.414523
ds004840,eeg,2025-05-11T17:25:44.392848
ds004841,eeg,2025-05-11T17:25:45.240515
ds004842,eeg,2025-05-11T17:25:46.237971
ds004843,eeg,2025-05-11T17:25:47.125872
ds004844,eeg,2025-05-11T17:25:47.744779
ds004849,eeg,2025-05-11T17:25:48.561418
ds004850,eeg,2025-05-11T17:25:49.289127
ds004851,"eeg,eye,pos",2025-05-11T17:25:49.892658
ds004852,eeg,2025-05-11T17:25:50.462053
ds004853,eeg,2025-05-11T17:25:51.005430
ds004854,eeg,2025-05-11T17:25:51.538112
ds004855,eeg,2025-05-11T17:25:52.165331
ds004848,"anat,fmap,func",2025-05-11T17:25:52.698117
ds004859,ieeg,2025-05-11T17:25:53.307120
ds004860,eeg,2025-05-11T17:25:54.130650
ds004865,"beh,ieeg",2025-05-11T17:25:54.700800
ds004866,"anat,excluded,func",2025-05-11T17:25:55.550237
ds004495,"fmap,func",2025-05-11T17:25:56.432081
ds004666,"anat,dwi",2025-05-11T17:25:57.344043
ds004902,eeg,2025-05-11T17:25:58.278742
ds004784,eeg,2025-05-11T17:25:59.169315
ds004889,"anat,dwi",2025-05-11T17:25:59.729060
ds004884,"anat,func",2025-05-11T17:26:00.547424
ds004883,eeg,2025-05-11T17:26:01.492934
ds004012,meg,2025-05-11T17:26:02.095493
ds004654,pet,2025-05-11T17:26:02.685508
ds004730,pet,2025-05-11T17:26:03.498729
ds004731,pet,2025-05-11T17:26:04.393175
ds004733,pet,2025-05-11T17:26:05.334095
ds004906,"anat,fmap",2025-05-11T17:26:06.208922
ds004909,"anat,fmap,func",2025-05-11T17:26:06.781291
ds004913,"anat,func",2025-05-11T17:26:07.675734
ds004499,"anat,fmap,func",2025-05-11T17:26:08.207272
ds004920,"anat,fmap,func",2025-05-11T17:26:08.834702
ds004926,"anat,func",2025-05-11T17:26:09.654191
ds004910,anat,2025-05-11T17:26:10.624799
ds004929,nirs,2025-05-11T17:26:11.502920
ds004934,"anat,func",2025-05-11T17:26:12.066577
ds003834,"anat,fmap,func",2025-05-11T17:26:12.665026
ds002620,"fmap,func",2025-05-11T17:26:13.574512
ds003872,"anat,dwi,fmap,func",2025-05-11T17:26:14.548690
ds003835,"anat,fmap,func",2025-05-11T17:26:15.117151
ds003684,"anat,fmap,func",2025-05-11T17:26:15.638768
ds004935,,2025-05-11T17:26:16.283838
ds003928,"anat,func",2025-05-11T17:26:16.564520
ds003871,"anat,func",2025-05-11T17:26:17.124064
ds003851,"anat,func",2025-05-11T17:26:17.704611
ds003715,"anat,func",2025-05-11T17:26:18.246487
ds004937,"anat,beh",2025-05-11T17:26:19.116569
ds004943,"anat,func",2025-05-11T17:26:19.947873
ds004944,ieeg,2025-05-11T17:26:20.867052
ds004625,eeg,2025-05-11T17:26:21.723251
ds004946,"anat,fmap,func",2025-05-11T17:26:22.279135
ds004795,anat,2025-05-11T17:26:22.755574
ds004945,dwi,2025-05-11T17:26:23.346321
ds004630,"anat,fmap,func",2025-05-11T17:26:23.884498
ds004894,"anat,func",2025-05-11T17:26:24.442101
ds004952,eeg,2025-05-11T17:26:25.055870
ds004959,"anat,func",2025-05-11T17:26:25.930480
ds004956,"anat,func",2025-05-11T17:26:26.513307
ds004951,eeg,2025-05-11T17:26:27.315723
ds004962,"anat,dwi,perf",2025-05-11T17:26:28.160541
ds004958,"anat,fmap,func",2025-05-11T17:26:29.051389
ds004973,nirs,2025-05-11T17:26:29.599850
ds004796,"eeg,func",2025-05-11T17:26:30.171019
ds004942,eeg,2025-05-11T17:26:30.739257
ds004993,ieeg,2025-05-11T17:26:31.293139
ds004872,beh,2025-05-11T17:26:32.113296
ds004892,"anat,beh,fmap,func",2025-05-11T17:26:32.715222
ds004995,eeg,2025-05-11T17:26:33.619761
ds004996,"anat,func",2025-05-11T17:26:34.212173
ds005003,"anat,func",2025-05-11T17:26:34.848653
ds004370,ieeg,2025-05-11T17:26:35.878492
ds004605,"anat,dwi",2025-05-11T17:26:36.719458
ds004965,"anat,fmap,func",2025-05-11T17:26:37.589248
ds004998,"headmodel,meg,montage,sourcemodel",2025-05-11T17:26:38.446634
ds005007,ieeg,2025-05-11T17:26:39.316855
ds005012,"anat,fmap,func",2025-05-11T17:26:40.243201
ds005021,eeg,2025-05-11T17:26:41.092367
ds005026,"anat,dwi,func",2025-05-11T17:26:41.649199
ds005027,"anat,func",2025-05-11T17:26:42.500995
ds005016,"anat,dwi,func",2025-05-11T17:26:43.401703
ds005017,"anat,func",2025-05-11T17:26:44.278908
ds004581,"anat,dwi",2025-05-11T17:26:45.140441
ds005050,"anat,func",2025-05-11T17:26:46.040312
ds005034,eeg,2025-05-11T17:26:46.915506
ds005038,"fmap,func",2025-05-11T17:26:47.729122
ds005040,"anat,fmap,func",2025-05-11T17:26:48.608897
ds005028,eeg,2025-05-11T17:26:49.204084
ds004765,"anat,dwi,func",2025-05-11T17:26:50.094312
ds005048,eeg,2025-05-11T17:26:50.685060
ds005059,"beh,ieeg",2025-05-11T17:26:51.233622
ds005069,"anat,func",2025-05-11T17:26:52.103312
ds005072,"anat,func",2025-05-11T17:26:52.611679
ds005063,"anat,dwi",2025-05-11T17:26:53.173067
ds005065,meg,2025-05-11T17:26:53.982448
ds005077,"anat,func",2025-05-11T17:26:54.562794
ds005079,"beh,eeg",2025-05-11T17:26:55.390250
ds005083,ieeg,2025-05-11T17:26:56.215713
ds005047,"fmap,func",2025-05-11T17:26:56.838886
ds005085,"anat,fmap",2025-05-11T17:26:57.809797
ds004182,"anat,fmap,func",2025-05-11T17:26:58.443970
ds005073,"anat,fmap,func",2025-05-11T17:26:59.081079
ds005025,"anat,fmap",2025-05-11T17:26:59.645352
ds004797,"anat,func",2025-05-11T17:27:00.210788
ds004611,anat,2025-05-11T17:27:00.744580
ds005009,"anat,fmap,func",2025-05-11T17:27:01.529441
ds004869,"anat,pet",2025-05-11T17:27:02.058513
ds005089,eeg,2025-05-11T17:27:02.928173
ds005093,"mrs,pet",2025-05-11T17:27:03.517097
ds004868,"anat,pet",2025-05-11T17:27:04.452276
ds005088,"anat,fmap,func",2025-05-11T17:27:05.330844
ds005095,eeg,2025-05-11T17:27:05.875022
ds005096,anat,2025-05-11T17:27:06.715772
ds005106,eeg,2025-05-11T17:27:07.527757
ds005114,eeg,2025-05-11T17:27:08.095695
ds005115,"anat,fmap,func",2025-05-11T17:27:08.966339
ds005118,"fmap,func",2025-05-11T17:27:09.876074
ds005121,eeg,2025-05-11T17:27:10.745050
ds005125,"anat,fmap,func",2025-05-11T17:27:11.364921
ds004125,"anat,func",2025-05-11T17:27:11.946638
ds005126,"anat,func",2025-05-11T17:27:12.777149
ds005131,"beh,eeg",2025-05-11T17:27:13.688177
ds004977,ieeg,2025-05-11T17:27:14.530979
ds005123,"anat,dwi,fmap,func",2025-05-11T17:27:15.379314
ds005138,pet,2025-05-11T17:27:16.155067
ds005139,"anat,func",2025-05-11T17:27:16.989009
ds005148,"anat,func",2025-05-11T17:27:17.545575
ds005169,"anat,ieeg",2025-05-11T17:27:18.438022
ds004917,"anat,dwi,fmap,func",2025-05-11T17:27:19.366763
ds005170,eeg,2025-05-11T17:27:19.928314
ds005189,"beh,eeg,eyetrack",2025-05-11T17:27:20.812931
ds005191,anat,2025-05-11T17:27:21.396777
ds005056,anat,2025-05-11T17:27:22.252684
ds005194,"anat,func",2025-05-11T17:27:22.844423
ds005207,eeg,2025-05-11T17:27:23.426381
ds004957,"anat,fmap,func",2025-05-11T17:27:24.299739
ds004928,"anat,func",2025-05-11T17:27:24.854855
ds005233,"anat,func",2025-05-11T17:27:25.386234
ds004582,"beh,eeg",2025-05-11T17:27:26.247954
ds005165,"anat,fmap,func",2025-05-11T17:27:27.067704
ds005234,"anat,meg",2025-05-11T17:27:27.996940
ds005216,anat,2025-05-11T17:27:28.610347
ds005215,"anat,func",2025-05-11T17:27:29.580314
ds005241,meg,2025-05-11T17:27:30.143882
ds005143,func,2025-05-11T17:27:30.998498
ds003814,"anat,fmap,func",2025-05-11T17:27:31.647464
ds005262,eeg,2025-05-11T17:27:32.302272
ds005237,"anat,fmap,func",2025-05-11T17:27:33.111883
ds005263,"anat,fmap,func",2025-05-11T17:27:33.782541
ds005264,"anat,fmap,func",2025-05-11T17:27:34.408498
ds005265,"anat,func",2025-05-11T17:27:34.929069
ds005266,"anat,func",2025-05-11T17:27:35.582863
ds005250,"anat,fmap,func",2025-05-11T17:27:36.196872
ds005267,"anat,fmap,func",2025-05-11T17:27:37.046555
ds005230,"anat,func",2025-05-11T17:27:37.920251
ds005270,"anat,dwi,func",2025-05-11T17:27:38.837249
ds005273,eeg,2025-05-11T17:27:39.437910
ds005258,motion,2025-05-11T17:27:40.181424
ds005279,"anat,beh,meg",2025-05-11T17:27:40.759367
ds005107,"beh,meg",2025-05-11T17:27:41.636606
ds004587,"beh,eeg",2025-05-11T17:27:42.499729
ds005296,eeg,2025-05-11T17:27:43.397490
ds005299,"anat,dwi,fmap",2025-05-11T17:27:43.926161
ds005239,"anat,fmap,func,motion",2025-05-11T17:27:44.755960
ds004980,eeg,2025-05-11T17:27:45.580900
ds005304,"anat,func",2025-05-11T17:27:46.111502
ds005305,"behavior,eeg",2025-05-11T17:27:46.679392
ds005274,eeg,2025-05-11T17:27:47.286195
ds005342,eeg,2025-05-11T17:27:47.840865
ds005134,"anat,dwi,fmap,func",2025-05-11T17:27:48.411497
ds005355,"anat,func",2025-05-11T17:27:48.999017
ds005357,"anat,func",2025-05-11T17:27:49.569044
ds005360,"anat,dwi",2025-05-11T17:27:50.168381
ds003676,"anat,func",2025-05-11T17:27:51.083139
ds005364,"anat,dwi,fmap,func",2025-05-11T17:27:51.931484
ds005365,"anat,fmap,func",2025-05-11T17:27:52.503467
ds005375,"anat,func",2025-05-11T17:27:53.095054
ds005374,"anat,fmap,func",2025-05-11T17:27:53.666048
ds005363,eeg,2025-05-11T17:27:54.503393
ds005383,eeg,2025-05-11T17:27:55.367217
ds005366,"anat,func",2025-05-11T17:27:56.247396
ds005385,eeg,2025-05-11T17:27:57.144073
ds005397,eeg,2025-05-11T17:27:58.135804
ds005402,"anat,dwi,fmap,func",2025-05-11T17:27:58.696710
ds005075,"anat,func",2025-05-11T17:27:59.605978
ds005403,eeg,2025-05-11T17:28:00.173009
ds005371,"anat,mrs",2025-05-11T17:28:00.825917
ds005127,"anat,misc",2025-05-11T17:28:01.650969
ds004054,"anat,pet",2025-05-11T17:28:02.483745
ds005406,eeg,2025-05-11T17:28:03.101214
ds005236,"anat,dwi",2025-05-11T17:28:03.675083
ds005411,"beh,ieeg",2025-05-11T17:28:04.290239
ds005398,ieeg,2025-05-11T17:28:05.166091
ds005412,anat,2025-05-11T17:28:06.037920
ds004388,eeg,2025-05-11T17:28:06.575108
ds004389,eeg,2025-05-11T17:28:07.180101
ds005307,eeg,2025-05-11T17:28:07.755975
ds004856,"anat,dwi,func,perf,pet",2025-05-11T17:28:08.349991
ds005418,"anat,func",2025-05-11T17:28:09.375936
ds005422,anat,2025-05-11T17:28:09.961170
ds005427,"anat,func",2025-05-11T17:28:10.785179
ds005410,eeg,2025-05-11T17:28:11.298408
ds005420,eeg,2025-05-11T17:28:11.875939
ds005443,,2025-05-11T17:28:12.372971
ds005238,"anat,func",2025-05-11T17:28:12.629913
ds005454,"anat,fmap,func",2025-05-11T17:28:13.463848
ds005455,"anat,func",2025-05-11T17:28:14.092771
ds005449,"anat,func",2025-05-11T17:28:14.746508
ds005450,anat,2025-05-11T17:28:15.387794
ds005464,"anat,fmap,func",2025-05-11T17:28:16.208118
ds005467,"anat,func",2025-05-11T17:28:17.009928
ds005186,"anat,dwi",2025-05-11T17:28:17.593659
ds005401,"anat,func",2025-05-11T17:28:18.193389
ds005479,"anat,fmap,func",2025-05-11T17:28:19.022858
ds005489,"beh,ieeg",2025-05-11T17:28:19.611303
ds005491,"beh,ieeg",2025-05-11T17:28:20.488417
ds005492,"anat,func",2025-05-11T17:28:21.326713
ds005494,"beh,ieeg",2025-05-11T17:28:21.929069
ds005503,"anat,fmap,func",2025-05-11T17:28:22.772851
ds005497,"anat,func",2025-05-11T17:28:23.634045
ds005496,"anat,func",2025-05-11T17:28:24.432308
ds004323,"anat,func",2025-05-11T17:28:25.223449
ds005504,"anat,func",2025-05-11T17:28:25.802099
ds005520,eeg,2025-05-11T17:28:26.338286
ds005522,"beh,ieeg",2025-05-11T17:28:26.905459
ds005523,"beh,ieeg",2025-05-11T17:28:27.799432
ds005529,"BBB_data,anat",2025-05-11T17:28:28.709914
ds005469,"anat,beh,func",2025-05-11T17:28:29.244381
ds005429,eeg,2025-05-11T17:28:29.913483
ds005295,"anat,fmap,func",2025-05-11T17:28:30.779598
ds005530,"anat,beh,eeg,fmap,func",2025-05-11T17:28:31.629571
ds005518,"anat,func",2025-05-11T17:28:32.199760
ds005534,"anat,func",2025-05-11T17:28:32.712118
ds005386,"anat,fmap,func",2025-05-11T17:28:33.703161
ds005498,"anat,func",2025-05-11T17:28:34.286668
ds005533,anat,2025-05-11T17:28:35.156958
ds005525,"anat,fmap,func",2025-05-11T17:28:36.069409
ds005555,eeg,2025-05-11T17:28:36.884984
ds005531,"anat,func",2025-05-11T17:28:37.445532
ds005505,eeg,2025-05-11T17:28:38.034432
ds005506,eeg,2025-05-11T17:28:38.701768
ds005507,eeg,2025-05-11T17:28:39.377654
ds005508,eeg,2025-05-11T17:28:39.979441
ds005509,eeg,2025-05-11T17:28:40.733755
ds005510,eeg,2025-05-11T17:28:41.407027
ds005512,eeg,2025-05-11T17:28:42.039504
ds005514,eeg,2025-05-11T17:28:42.738115
ds005511,eeg,2025-05-11T17:28:43.387092
ds005557,"beh,ieeg",2025-05-11T17:28:44.069364
ds005558,"beh,ieeg",2025-05-11T17:28:44.981346
ds005540,"beh,eeg",2025-05-11T17:28:45.874535
ds005486,eeg,2025-05-11T17:28:46.411724
ds005261,meg,2025-05-11T17:28:47.233276
ds005559,"anat,dwi,fmap,func",2025-05-11T17:28:47.795045
ds005565,eeg,2025-05-11T17:28:48.389978
ds005573,"anat,func",2025-05-11T17:28:48.975660
ds005481,"anat,figures,log",2025-05-11T17:28:49.535246
ds005545,ieeg,2025-05-11T17:28:50.404396
ds005472,"anat,figures,fmap,func,log",2025-05-11T17:28:51.215997
ds005576,"anat,fmap,func",2025-05-11T17:28:51.805392
ds005588,"anat,func",2025-05-11T17:28:52.353114
ds005592,ieeg,2025-05-11T17:28:52.901231
ds005586,eeg,2025-05-11T17:28:53.905298
ds005597,"anat,func",2025-05-11T17:28:54.483778
ds005415,"anat,beh,ieeg",2025-05-11T17:28:55.320678
ds005595,anat,2025-05-11T17:28:55.886626
ds005571,"anat,fmap,func",2025-05-11T17:28:56.485101
ds005589,,2025-05-11T17:28:57.013022
ds005600,"anat,fmap,func",2025-05-11T17:28:57.951087
ds005090,"anat,fmap",2025-05-11T17:28:58.551399
ds005596,"anat,func",2025-05-11T17:28:59.069482
ds005602,anat,2025-05-11T17:28:59.912496
ds005603,"anat,func",2025-05-11T17:29:00.754917
ds005604,"anat,fmap,func",2025-05-11T17:29:01.415657
ds005590,"anat,pet",2025-05-11T17:29:02.372586
ds005605,pet,2025-05-11T17:29:03.246094
ds005616,anat,2025-05-11T17:29:04.123293
ds005620,eeg,2025-05-11T17:29:04.641105
ds005624,ieeg,2025-05-11T17:29:05.227719
ds005619,"anat,pet",2025-05-11T17:29:06.262008
ds005594,eeg,2025-05-11T17:29:07.108461
ds005581,"anat,func",2025-05-11T17:29:07.682080
ds005598,"anat,func",2025-05-11T17:29:08.542113
ds005381,anat,2025-05-11T17:29:09.466580
ds005628,eeg,2025-05-11T17:29:10.368793
ds005087,eeg,2025-05-11T17:29:10.959328
ds005128,"anat,fmap,func",2025-05-11T17:29:11.520856
ds005630,"anat,func",2025-05-11T17:29:12.014182
ds005635,"anat,func",2025-05-11T17:29:12.599133
ds005636,"anat,func",2025-05-11T17:29:13.193023
ds005468,"anat,func",2025-05-11T17:29:13.697359
ds005613,"anat,beh,dwi,fmap,func",2025-05-11T17:29:14.229530
ds005340,eeg,2025-05-11T17:29:15.152232
ds005226,func,2025-05-11T17:29:15.706599
ds005639,"anat,fmap,func",2025-05-11T17:29:16.610029
ds005670,ieeg,2025-05-11T17:29:17.547632
ds005691,ieeg,2025-05-11T17:29:18.133290
ds005688,eeg,2025-05-11T17:29:18.705329
ds005672,eeg,2025-05-11T17:29:19.544073
ds005692,eeg,2025-05-11T17:29:20.112880
ds005697,eeg,2025-05-11T17:29:20.991524
ds005700,"anat,func",2025-05-11T17:29:21.557375
ds005625,"anat,func",2025-05-11T17:29:22.125315
ds005704,"anat,fmap,func",2025-05-11T17:29:22.706666
ds004873,"anat,func",2025-05-11T17:29:23.609748
ds005684,"anat,func",2025-05-11T17:29:24.206001
ds005687,"anat,func,perf",2025-05-11T17:29:25.103447
ds005699,"anat,func",2025-05-11T17:29:25.738269
ds005713,"anat,dwi,func",2025-05-11T17:29:26.332432
ds005416,eeg,2025-05-11T17:29:26.998238
ds005572,"dwi,fmap",2025-05-11T17:29:27.593912
ds005731,"anat,fmap,func",2025-05-11T17:29:28.522508
ds005747,"anat,func",2025-05-11T17:29:29.322594
ds005776,nirs,2025-05-11T17:29:29.945476
ds005777,nirs,2025-05-11T17:29:30.771221
ds005779,eeg,2025-05-11T17:29:31.760399
ds005783,"anat,func",2025-05-11T17:29:32.346117
ds005577,"anat,dwi,fmap,func",2025-05-11T17:29:32.913246
ds005787,eeg,2025-05-11T17:29:33.455864
ds005574,"anat,ieeg",2025-05-11T17:29:34.298616
ds005623,"anat,func",2025-05-11T17:29:34.917494
ds005733,"anat,fmap,func",2025-05-11T17:29:35.470753
ds005815,eeg,2025-05-11T17:29:36.065741
ds005811,eeg,2025-05-11T17:29:36.962469
ds005356,meg,2025-05-11T17:29:37.900370
ds005849,"anat,func",2025-05-11T17:29:38.742163
ds005345,"anat,eeg,func",2025-05-11T17:29:39.587079
ds005850,"anat,func",2025-05-11T17:29:40.263523
ds005863,eeg,2025-05-11T17:29:40.838660
ds005810,meg,2025-05-11T17:29:41.392770
ds005866,eeg,2025-05-11T17:29:42.236123
ds005868,eeg,2025-05-11T17:29:42.841573
ds005876,"beh,eeg",2025-05-11T17:29:43.434509
ds005874,"anat,func",2025-05-11T17:29:44.009879
ds005880,"anat,func",2025-05-11T17:29:44.793184
ds005839,"anat,func",2025-05-11T17:29:45.352659
ds005185,"beh,eeg",2025-05-11T17:29:45.903293
ds005178,eeg,2025-05-11T17:29:46.733908
ds005891,"anat,func",2025-05-11T17:29:47.585954
ds005717,func,2025-05-11T17:29:48.429171
ds005882,"anat,func",2025-05-11T17:29:49.310061
ds005873,"ecg,eeg,emg,mov",2025-05-11T17:29:50.002078
ds005851,anat,2025-05-11T17:29:50.904412
ds005795,"anat,eeg,func",2025-05-11T17:29:51.710455
ds005899,,2025-05-11T17:29:52.317204
ds005754,"anat,beh,func",2025-05-11T17:29:52.612592
ds005883,"anat,fmap,func,physio",2025-05-11T17:29:53.208073
ds005884,"anat,fmap,func,physio",2025-05-11T17:29:53.838895
ds005895,"ct,pet",2025-05-11T17:29:54.447998
ds005203,"anat,fmap,func",2025-05-11T17:29:55.440907
ds005903,"anat,fmap,func",2025-05-11T17:29:56.300381
ds005405,"anat,fmap,func",2025-05-11T17:29:57.160683
ds005907,eeg,2025-05-11T17:29:57.972364
ds005920,"anat,func",2025-05-11T17:29:58.523518
ds005521,"anat,func",2025-05-11T17:29:59.105356
ds005926,derivatives,2025-05-11T17:30:00.007060
ds005927,,2025-05-11T17:30:00.545611
ds005929,nirs,2025-05-11T17:30:01.133844
ds005930,nirs,2025-05-11T17:30:02.067213
ds004774,ieeg,2025-05-11T17:30:02.621190
ds005935,nirs,2025-05-11T17:30:03.419133
ds005752,"anat,dwi,func,perf",2025-05-11T17:30:04.298946
ds005917,"anat,dwi,func",2025-05-11T17:30:05.298401
ds005946,eeg,2025-05-11T17:30:06.131868
ds005343,eeg,2025-05-11T17:30:06.690504
ds004514,"eeg,nirs",2025-05-11T17:30:07.496193
ds004517,eeg,2025-05-11T17:30:08.056540
ds005953,ieeg,2025-05-11T17:30:08.604406
ds005329,"anat,fmap,func",2025-05-11T17:30:09.426421
ds005516,eeg,2025-05-11T17:30:10.001051
ds005515,eeg,2025-05-11T17:30:10.693382
ds002312,"eyetrack,meg",2025-05-11T17:30:11.438480
ds005963,nirs,2025-05-11T17:30:12.051910
ds005964,nirs,2025-05-11T17:30:12.858013
ds005931,ieeg,2025-05-11T17:30:13.749191
ds005256,"anat,dwi,fmap,func",2025-05-11T17:30:14.649870
ds005664,"anat,dwi,fmap",2025-05-11T17:30:15.568408
ds005978,anat,2025-05-11T17:30:16.447511
ds005980,"anat,func",2025-05-11T17:30:17.030610
ds005875,"anat,func",2025-05-11T17:30:17.621777
ds006001,"anat,dwi",2025-05-11T17:30:18.188923
ds005960,eeg,2025-05-11T17:30:18.738065
ds006005,"anat,func",2025-05-11T17:30:19.414331
ds006010,"anat,fmap,func",2025-05-11T17:30:19.986788
ds006012,"anat,meg",2025-05-11T17:30:20.543343
ds006018,eeg,2025-05-11T17:30:21.058643
ds005431,"anat,dwi",2025-05-11T17:30:21.657462
ds006033,"anat,func",2025-05-11T17:30:22.214117
ds006035,meg,2025-05-11T17:30:22.987130
ds006036,eeg,2025-05-11T17:30:23.860057
ds006039,"anat,func",2025-05-11T17:30:24.453727
ds006040,"anat,beh,dwi,eeg,func",2025-05-11T17:30:25.058313
ds005901,"anat,dwi,fmap,func",2025-05-11T17:30:25.623048
ds005896,"anat,dwi,func",2025-05-11T17:30:26.241278
ds006071,,2025-05-11T17:30:26.881639
ds006072,"anat,dwi,fmap,func",2025-05-11T17:30:27.491075
ds005166,"anat,beh,func",2025-05-11T17:30:28.372810
ds006065,ieeg,2025-05-11T17:30:29.164188
ds005857,"beh,eeg",2025-05-11T17:30:29.686014
ds005346,"anat,func",2025-05-11T17:30:30.554762
ds005892,"anat,fmap,func",2025-05-11T17:30:31.081555
ds006092,"anat,func",2025-05-11T17:30:31.653298
ds005894,"anat,func",2025-05-11T17:30:32.186483
ds006104,eeg,2025-05-11T17:30:33.076741
ds006105,"anat,func",2025-05-11T17:30:33.925332
ds006107,ieeg,2025-05-11T17:30:34.551846
ds005341,"anat,dwi,fmap,func",2025-05-11T17:30:35.377110
ds003358,"anat,func",2025-05-11T17:30:35.980024
ds003877,anat,2025-05-11T17:30:36.517447
ds003892,"anat,func",2025-05-11T17:30:37.049069
ds003900,anat,2025-05-11T17:30:37.981956
ds003927,"anat,func",2025-05-11T17:30:38.528422
ds005737,dwi,2025-05-11T17:30:39.342615
ds005648,eeg,2025-05-11T17:30:40.218061
ds005460,"anat,fmap,func",2025-05-11T17:30:40.797683
ds006123,anat,2025-05-11T17:30:41.376779
ds004669,"anat,func",2025-05-11T17:30:42.251650
ds006126,eeg,2025-05-11T17:30:43.076987
ds005413,"anat,beh,fmap,func",2025-05-11T17:30:43.900337
ds006156,"anat,func",2025-05-11T17:30:44.481148
ds006145,,2025-05-11T17:30:45.128743
ds006171,eeg,2025-05-11T17:30:46.002737
ds006179,"anat,func",2025-05-11T17:30:46.564520
ds006111,,2025-05-11T17:30:47.172959
ds006181,"anat,dwi",2025-05-11T17:30:47.512700
ds006187,"dwi,fmap",2025-05-11T17:30:48.091322
ds006193,"anat,fmap,func",2025-05-11T17:30:48.653493
ds006207,"fmap,func",2025-05-11T17:30:49.651915
ds005947,"anat,fmap,func",2025-05-11T17:30:50.533075
ds006209,"anat,func",2025-05-11T17:30:51.212979
ds006095,eeg,2025-05-11T17:30:51.792153
ds006211,"anat,fmap,func",2025-05-11T17:30:52.356863
ds006206,"anat,fmap,func",2025-05-11T17:30:52.949445
ds006128,"anat,func",2025-05-11T17:30:53.474842
ds006224,"anat,func",2025-05-21T05:30:22.197593
ds006218,"ct,pet",2025-05-21T05:30:23.212618
ds006239,"anat,dti,fmap,func",2025-05-21T05:30:24.182830
ds006192,"anat,figures,func,log",2025-05-21T05:30:25.171577
ds006191,func,2025-05-21T05:30:26.095805
ds006189,"figures,func,log",2025-05-21T05:30:27.092582
ds006190,func,2025-05-21T05:30:28.142868
ds006188,"anat,figures,log,perf",2025-05-21T05:30:29.005728
ds006185,"anat,figures,fmap,func,log",2025-05-21T05:30:30.017014
ds006184,log,2025-05-21T05:30:31.033223
ds006182,"anat,dwi,figures,log",2025-05-21T05:30:31.624551
ds006143,"anat,dwi,figures,func",2025-05-21T05:30:32.638821
ds006243,func,2025-05-21T05:30:33.601893
ds006138,,2025-05-21T05:30:34.179163
ds006169,"anat,dwi",2025-05-21T05:30:34.804156
ds006248,anat,2025-05-21T05:30:35.893287
ds006234,ieeg,2025-05-21T05:30:36.543595
ds006233,ieeg,2025-05-21T05:30:37.803057
ds006159,"beh,eeg",2025-06-25T23:41:21.567879
ds006253,ieeg,2025-06-25T23:41:22.212448
ds006131,"anat,dwi,fmap,func,perf",2025-06-25T23:41:23.091429
ds005841,eeg,2025-06-25T23:41:23.994682
ds005407,eeg,2025-06-25T23:41:24.624671
ds006260,eeg,2025-06-25T23:41:25.224369
ds006266,"anat,func",2025-06-25T23:41:26.247720
ds006265,"anat,func",2025-06-25T23:41:27.189399
ds006267,anat,2025-06-25T23:41:28.130357
ds006142,eeg,2025-06-25T23:41:29.021921
ds006269,eeg,2025-06-25T23:41:29.652569
ds006303,"anat,func",2025-06-25T23:41:30.592743
ds005137,anat,2025-06-25T23:41:31.474652
ds006317,eeg,2025-06-25T23:41:32.100531
ds006318,derivatives,2025-06-25T23:41:32.981229
ds006334,"anat,meg",2025-06-25T23:41:33.596934
ds006067,"anat,fmap,func",2025-06-25T23:41:34.241435
ds006367,eeg,2025-06-25T23:41:34.929570
ds006366,eeg,2025-06-25T23:41:35.584058
ds006377,nirs,2025-06-25T23:41:36.291758
ds006370,eeg,2025-06-25T23:41:36.943075
ds005448,,2025-06-25T23:41:37.558556
ds006392,ieeg,2025-06-25T23:41:37.823907
